{"promotion":[{"template":"/shipping/getShippingDiscount.pmdt","filterForQualifierZeroPrices":null,"endDate":"2030-11-12T06:00:00.000Z","displayName":"Team Member Discount - Up to $49 off Shipping","templateValues":{"discount_value":"49","discount_type_value":"amountOff"},"description":"<p>Team Member Discount - Up to $49 off Shipping<\/p>","global":true,"sites":[],"maxUsesPerAccount":-1,"type":5,"enabled":true,"filterForQualifierNegativePrices":null,"cardIINRanges":[],"parentFolder":{"id":"promoFold500001"},"filterForQualifierOnSale":null,"priceListGroups":[{"id":"princessAutoDefaultPriceGroup"}],"translations":{"items":[{"displayName":"Team Member Discount - Up to $49 off Shipping","description":"<p>Team Member Discount - Up to $49 off Shipping<\/p>","lang":"en"}]},"oneUsePerOrder":false,"audiences":[{"deleted":false,"displayName":"Retirees Discounts","id":"RetireesDiscounts","enabled":true},{"deleted":false,"displayName":"Sponsorships","id":"Sponsorships","enabled":true},{"deleted":false,"displayName":"Princess Auto employee","id":"PrincessAutoEmployee","enabled":true}],"id":"promo130002","filterForQualifierActedAsQualifier":null,"giveToAnonymousProfiles":true,"closenessQualifiers":[],"shippingMethods":["100009","100002","200001","100003","100007","100008"],"targetAmount":null,"priority":1,"filterForQualifierDiscountedByAny":null,"excludedPromotions":[{"id":"promo620001"}],"templatePath":"shipping","maxUsesPerUser":-1,"unqualifiedMessages":[],"allowMultiple":true,"templateName":"getShippingDiscount","qualifiedMessages":[],"uses":1,"stackingRule":{"maxPromotions":-1,"displayName":"Test","id":"100001"},"maxUsesPerOrder":-1,"startDate":"2020-11-12T06:00:00.000Z","targetQuantity":null},{"template":"/shipping/getShippingDiscount.pmdt","filterForQualifierZeroPrices":null,"endDate":"2026-01-07T06:00:00.000Z","displayName":"NCC Free Shipping","templateValues":{"discount_value":"100","discount_type_value":"percentOff"},"description":"<p>Free shipping - for Royal Service purposes<\/p>","global":false,"sites":[],"maxUsesPerAccount":-1,"type":5,"enabled":true,"filterForQualifierNegativePrices":null,"cardIINRanges":[],"parentFolder":{"id":"promoFold400002"},"filterForQualifierOnSale":null,"priceListGroups":[{"id":"princessAutoDefaultPriceGroup"}],"translations":{"items":[{"displayName":"NCC Free Shipping","description":"<p>Free shipping - for Royal Service purposes<\/p>","lang":"en"}]},"oneUsePerOrder":false,"audiences":[],"id":"promo250002","filterForQualifierActedAsQualifier":null,"giveToAnonymousProfiles":true,"closenessQualifiers":[],"shippingMethods":["100009","100003","200001","100007","100008","100011"],"targetAmount":null,"priority":1,"filterForQualifierDiscountedByAny":null,"excludedPromotions":[],"templatePath":"shipping","maxUsesPerUser":-1,"unqualifiedMessages":[],"allowMultiple":true,"templateName":"getShippingDiscount","qualifiedMessages":[],"uses":1,"stackingRule":null,"maxUsesPerOrder":-1,"startDate":"2022-01-25T06:00:00.000Z","targetQuantity":null},{"template":"/item/getItemDiscountSortBy.pmdt","filterForQualifierZeroPrices":null,"endDate":"2031-05-13T05:00:00.000Z","displayName":"Free catalogue v2","templateValues":{"no_of_items_to_discount":"-1","discount_value":"100","sort_by":"priceInfo.listPrice","PSC_value":{"includedRuleSet":{},"includedSkus":[],"includedCategories":[],"includedProducts":["PA1000001746"],"excludedSkus":[],"excludedRuleSet":{},"excludedProducts":[],"excludedCategories":[]},"discount_type_value":"percentOff","sort_order":"ascending"},"description":"<p>get free catalogue with purchase<\/p>","global":true,"sites":[],"maxUsesPerAccount":-1,"filterForQualifierDiscountedByCurrent":null,"type":0,"enabled":true,"filterForQualifierNegativePrices":null,"cardIINRanges":[],"parentFolder":{"id":"promoFold400004"},"filterForQualifierOnSale":null,"priceListGroups":[{"id":"princessAutoDefaultPriceGroup"}],"filterForTargetNegativePrices":null,"translations":{"items":[{"displayName":"Free catalogue v2","description":"<p>get free catalogue with purchase<\/p>","lang":"en"}]},"audiences":[],"id":"promo290001","filterForQualifierActedAsQualifier":null,"giveToAnonymousProfiles":true,"closenessQualifiers":[],"shippingMethods":[],"filterForTargetDiscountedByCurrent":null,"filterForTargetDiscountedByAny":null,"filterForTargetActedAsQualifier":null,"targetAmount":null,"priority":1,"filterForQualifierDiscountedByAny":null,"filterForTargetOnSale":null,"excludedPromotions":[],"templatePath":"item","maxUsesPerUser":-1,"unqualifiedMessages":[],"filterForTargetZeroPrices":null,"allowMultiple":true,"templateName":"getItemDiscountSortBy","qualifiedMessages":[],"filterForTargetPriceLTOETPromoPrice":null,"uses":1,"stackingRule":null,"maxUsesPerOrder":-1,"startDate":"2022-05-16T05:00:00.000Z","targetQuantity":null},{"template":"/shipping/spendYInXGetShippingDiscount.pmdt","filterForQualifierZeroPrices":null,"endDate":"2025-06-30T04:59:00.000Z","displayName":"Spend $149, Save $30 on Shipping","templateValues":{"condition_psc_value":null,"spend_value":"149","discount_value":"30","discount_type_value":"amountOff"},"description":"<p>Spend $149, save up to $30 on shipping.<\/p>","global":true,"sites":[],"maxUsesPerAccount":-1,"type":5,"enabled":true,"filterForQualifierNegativePrices":null,"cardIINRanges":[],"parentFolder":{"id":"promoFold200001"},"filterForQualifierOnSale":null,"priceListGroups":[{"id":"princessAutoDefaultPriceGroup"}],"translations":{"items":[{"displayName":"Spend $149, Save $30 on Shipping","description":"<p>Spend $149, save up to $30 on shipping.<\/p>","lang":"en"}]},"oneUsePerOrder":false,"audiences":[],"id":"promo360016","filterForQualifierActedAsQualifier":null,"giveToAnonymousProfiles":true,"closenessQualifiers":[],"shippingMethods":["100009","200001","100007","100008"],"targetAmount":149,"priority":1,"filterForQualifierDiscountedByAny":null,"excludedPromotions":[{"id":"promo360017"},{"id":"promo360018"}],"templatePath":"shipping","maxUsesPerUser":-1,"unqualifiedMessages":[],"allowMultiple":true,"templateName":"spendYInXGetShippingDiscount","qualifiedMessages":[],"uses":1,"stackingRule":null,"maxUsesPerOrder":-1,"startDate":"2025-05-19T05:00:00.000Z","targetQuantity":null},{"template":"/shipping/spendYGetShippingDiscount.pmdt","filterForQualifierZeroPrices":null,"endDate":"2025-05-19T04:55:00.000Z","displayName":"Spend Over $125 Get $25 Towards Shipping","templateValues":{"spend_value":"125","discount_value":"25","discount_type_value":"amountOff"},"description":"<p>E16<\/p>","global":true,"sites":[],"maxUsesPerAccount":-1,"type":5,"enabled":true,"filterForQualifierNegativePrices":null,"cardIINRanges":[],"parentFolder":{"id":"promoFold200001"},"filterForQualifierOnSale":null,"priceListGroups":[{"id":"princessAutoDefaultPriceGroup"}],"translations":{"items":[{"displayName":"Spend Over $125 Get $25 Towards Shipping","description":"<p>E16<\/p>","lang":"en"}]},"oneUsePerOrder":false,"audiences":[],"id":"promo450004","filterForQualifierActedAsQualifier":null,"giveToAnonymousProfiles":true,"closenessQualifiers":[],"shippingMethods":["100009","200001","100003","100008"],"targetAmount":125,"priority":1,"filterForQualifierDiscountedByAny":null,"excludedPromotions":[{"id":"promo440025"},{"id":"promo440026"},{"id":"promo440027"},{"id":"promo450002"},{"id":"promo440028"},{"id":"promo440020"}],"templatePath":"shipping","maxUsesPerUser":-1,"unqualifiedMessages":[],"allowMultiple":true,"templateName":"spendYGetShippingDiscount","qualifiedMessages":[],"uses":1,"stackingRule":null,"maxUsesPerOrder":-1,"startDate":"2025-04-21T05:00:00.000Z","targetQuantity":null},{"template":"/item/getItemDiscountSortBy.pmdt","filterForQualifierZeroPrices":null,"endDate":"2025-05-21T05:00:00.000Z","displayName":"30% Discount","templateValues":{"no_of_items_to_discount":"-1","discount_value":"30","sort_by":"priceInfo.listPrice","PSC_value":{"includedRuleSet":{},"includedSkus":[],"includedCategories":[],"includedProducts":[],"excludedSkus":["9999991"],"excludedRuleSet":{},"excludedProducts":["GiftCard"],"excludedCategories":[]},"discount_type_value":"percentOff","sort_order":"ascending"},"description":null,"global":false,"sites":[],"maxUsesPerAccount":-1,"filterForQualifierDiscountedByCurrent":null,"type":0,"enabled":true,"filterForQualifierNegativePrices":null,"cardIINRanges":[],"parentFolder":null,"filterForQualifierOnSale":null,"priceListGroups":[{"id":"princessAutoDefaultPriceGroup"}],"filterForTargetNegativePrices":null,"translations":{"items":[{"displayName":"30% Discount","description":null,"lang":"en"}]},"audiences":[],"id":"promo560001","filterForQualifierActedAsQualifier":null,"giveToAnonymousProfiles":true,"closenessQualifiers":[],"shippingMethods":[],"filterForTargetDiscountedByCurrent":null,"filterForTargetDiscountedByAny":null,"filterForTargetActedAsQualifier":null,"targetAmount":null,"priority":1,"filterForQualifierDiscountedByAny":null,"filterForTargetOnSale":null,"excludedPromotions":[{"id":"promo530001"},{"id":"promo450004"},{"id":"promo450005"},{"id":"promo450001"},{"id":"promo450002"},{"id":"promo450003"},{"id":"promo290001"},{"id":"promo330001"},{"id":"promo170002"},{"id":"promo170007"},{"id":"promo170005"},{"id":"promo170006"},{"id":"promo170003"},{"id":"promo170004"},{"id":"promo220001"},{"id":"promo220002"},{"id":"promo220003"},{"id":"promo220004"},{"id":"promo480002"},{"id":"promo220005"},{"id":"promo220006"},{"id":"promo480001"},{"id":"promo220007"},{"id":"promo220008"},{"id":"promo300009"},{"id":"promo300008"},{"id":"promo300007"},{"id":"promo300006"},{"id":"promo300005"},{"id":"promo300004"},{"id":"promo300003"},{"id":"promo300002"},{"id":"promo300001"},{"id":"promo370001"},{"id":"promo370002"},{"id":"promo410001"},{"id":"promo410002"},{"id":"promo250030"},{"id":"promo180001"},{"id":"promo260002"},{"id":"promo260001"},{"id":"promo360001"},{"id":"promo360004"},{"id":"promo360005"},{"id":"promo360002"},{"id":"promo360003"},{"id":"promo360008"},{"id":"promo360009"},{"id":"promo360006"},{"id":"promo360007"},{"id":"promo520001"},{"id":"promo250031"},{"id":"promo460004"},{"id":"promo460003"},{"id":"promo460005"},{"id":"promo460002"},{"id":"promo320005"},{"id":"promo320004"},{"id":"promo320003"},{"id":"promo320002"},{"id":"promo320009"},{"id":"promo320008"},{"id":"promo320007"},{"id":"promo320006"},{"id":"promo210004"},{"id":"promo250029"},{"id":"promo320001"},{"id":"promo250028"},{"id":"promo250025"},{"id":"promo250024"},{"id":"promo250027"},{"id":"promo250026"},{"id":"promo250021"},{"id":"promo250020"},{"id":"promo250023"},{"id":"promo250022"},{"id":"promo150019"},{"id":"promo310002"},{"id":"promo310001"},{"id":"promo150010"},{"id":"promo150011"},{"id":"promo150015"},{"id":"promo360020"},{"id":"promo360021"},{"id":"promo250018"},{"id":"promo250017"},{"id":"promo320010"},{"id":"promo250019"},{"id":"promo250014"},{"id":"promo310003"},{"id":"promo250013"},{"id":"promo250016"},{"id":"promo250015"},{"id":"promo250010"},{"id":"promo250012"},{"id":"promo250011"},{"id":"promo420001"},{"id":"promo420002"},{"id":"promo150021"},{"id":"promo150022"},{"id":"promo150020"},{"id":"promo150026"},{"id":"promo150023"},{"id":"promo150024"},{"id":"promo360011"},{"id":"promo360012"},{"id":"promo360010"},{"id":"promo360015"},{"id":"promo250007"},{"id":"promo250006"},{"id":"promo360016"},{"id":"promo250009"},{"id":"promo360013"},{"id":"promo250008"},{"id":"promo360014"},{"id":"promo360019"},{"id":"promo250003"},{"id":"promo250002"},{"id":"promo360017"},{"id":"promo250005"},{"id":"promo250004"},{"id":"promo360018"},{"id":"promo420003"},{"id":"promo250001"},{"id":"promo420004"},{"id":"promo350001"},{"id":"promo350002"},{"id":"promo350003"},{"id":"promo350004"},{"id":"promo350005"},{"id":"promo350006"},{"id":"promo350007"},{"id":"promo430002"},{"id":"promo350008"},{"id":"promo430004"},{"id":"promo350009"},{"id":"promo430001"},{"id":"promo190003"},{"id":"promo190004"},{"id":"promo190002"},{"id":"promo270001"},{"id":"promo190007"},{"id":"promo190005"},{"id":"promo190006"},{"id":"promo390014"},{"id":"promo150007"},{"id":"promo150008"},{"id":"promo150005"},{"id":"promo150006"},{"id":"promo150009"},{"id":"promo510004"},{"id":"promo510003"},{"id":"promo510002"},{"id":"promo510001"},{"id":"promo390010"},{"id":"promo150003"},{"id":"promo390011"},{"id":"promo150004"},{"id":"promo390012"},{"id":"promo390013"},{"id":"promo470001"},{"id":"promo510006"},{"id":"promo510005"},{"id":"promo200001"},{"id":"promo390003"},{"id":"promo390004"},{"id":"promo390005"},{"id":"promo390006"},{"id":"promo440021"},{"id":"promo390007"},{"id":"promo440022"},{"id":"promo390008"},{"id":"promo390009"},{"id":"promo440020"},{"id":"promo390001"},{"id":"promo390002"},{"id":"promo440025"},{"id":"promo440026"},{"id":"promo440023"},{"id":"promo440024"},{"id":"promo440027"},{"id":"promo440028"},{"id":"promo350010"},{"id":"promo240001"},{"id":"promo540002"},{"id":"promo540001"},{"id":"promo510037"},{"id":"promo510036"},{"id":"promo510035"},{"id":"promo510034"},{"id":"promo510033"},{"id":"promo510032"},{"id":"promo510031"},{"id":"promo510030"},{"id":"promo440009"},{"id":"promo440003"},{"id":"promo440004"},{"id":"promo440001"},{"id":"promo440002"},{"id":"promo440007"},{"id":"promo440008"},{"id":"promo440005"},{"id":"promo440006"},{"id":"promo160001"},{"id":"promo440010"},{"id":"promo440011"},{"id":"promo280001"},{"id":"promo340001"},{"id":"promo440014"},{"id":"promo440015"},{"id":"promo440012"},{"id":"promo440013"},{"id":"promo440018"},{"id":"promo440019"},{"id":"promo440016"},{"id":"promo500001"},{"id":"promo440017"},{"id":"promo400001"},{"id":"promo170012"},{"id":"promo230001"},{"id":"promo170013"},{"id":"promo170010"},{"id":"promo170011"},{"id":"promo490003"},{"id":"promo490002"},{"id":"promo490001"},{"id":"promo490007"},{"id":"promo490006"},{"id":"promo490005"},{"id":"promo170018"},{"id":"promo490004"},{"id":"promo170019"},{"id":"promo170016"},{"id":"promo170017"},{"id":"promo170014"},{"id":"promo490009"},{"id":"promo490008"},{"id":"promo170015"},{"id":"promo490010"},{"id":"promo170021"},{"id":"promo490014"},{"id":"promo490013"},{"id":"promo510029"},{"id":"promo170020"},{"id":"promo490012"},{"id":"promo490011"},{"id":"promo550003"},{"id":"promo550002"},{"id":"promo550001"}],"templatePath":"item","maxUsesPerUser":-1,"unqualifiedMessages":[],"filterForTargetZeroPrices":null,"allowMultiple":true,"templateName":"getItemDiscountSortBy","qualifiedMessages":[],"filterForTargetPriceLTOETPromoPrice":null,"uses":1,"stackingRule":null,"maxUsesPerOrder":-1,"startDate":"2024-05-21T05:00:00.000Z","targetQuantity":null},{"template":"/order/tieredOrderDiscount.pmdt","filterForQualifierZeroPrices":null,"endDate":"2025-09-17T03:00:00.000Z","displayName":"OE-VALIDATION-PROMO","templateValues":{"discountStructure":{"discount_details":[{"spend_value":"10","discount_value":"1"}],"discount_type_value":"amountOff"}},"description":null,"global":false,"sites":[],"maxUsesPerAccount":-1,"type":9,"enabled":true,"filterForQualifierNegativePrices":null,"cardIINRanges":[],"parentFolder":null,"filterForQualifierOnSale":null,"priceListGroups":[{"id":"princessAutoDefaultPriceGroup"}],"translations":{"items":[{"displayName":"OE-VALIDATION-PROMO","description":null,"lang":"en"}]},"audiences":[],"id":"promo580006","filterForQualifierActedAsQualifier":null,"giveToAnonymousProfiles":true,"closenessQualifiers":[],"shippingMethods":[],"targetAmount":null,"priority":1,"filterForQualifierDiscountedByAny":null,"excludedPromotions":[],"templatePath":"order","maxUsesPerUser":-1,"unqualifiedMessages":[],"allowMultiple":true,"templateName":"tieredOrderDiscount","qualifiedMessages":[],"uses":1,"stackingRule":null,"maxUsesPerOrder":-1,"startDate":"2024-09-17T03:00:00.000Z","targetQuantity":null},{"template":"/order/spendYInXGetOrderDiscount.pmdt","filterForQualifierZeroPrices":null,"endDate":"2025-05-20T05:00:00.000Z","displayName":"Spend75Save15 - Wave 104","templateValues":{"condition_psc_value":{"includedRuleSet":{},"includedSkus":[],"includedCategories":[],"includedProducts":[],"excludedSkus":["9999991"],"excludedRuleSet":{},"excludedProducts":["GiftCard"],"excludedCategories":[]},"spend_value":"75","discount_value":"15","discount_type_value":"amountOff"},"description":null,"global":false,"sites":[],"maxUsesPerAccount":-1,"type":9,"enabled":true,"filterForQualifierNegativePrices":null,"cardIINRanges":[],"parentFolder":{"id":"promoFold1100001"},"filterForQualifierOnSale":null,"priceListGroups":[{"id":"princessAutoDefaultPriceGroup"}],"translations":{"items":[{"displayName":"Spend75Save15 - Wave 104","description":null,"lang":"en"}]},"audiences":[],"id":"promo610004","filterForQualifierActedAsQualifier":null,"giveToAnonymousProfiles":true,"closenessQualifiers":[],"shippingMethods":[],"targetAmount":75,"priority":1,"filterForQualifierDiscountedByAny":null,"excludedPromotions":[],"templatePath":"order","maxUsesPerUser":-1,"unqualifiedMessages":[],"allowMultiple":true,"templateName":"spendYInXGetOrderDiscount","qualifiedMessages":[],"uses":1,"stackingRule":null,"maxUsesPerOrder":-1,"startDate":"2025-04-09T05:00:00.000Z","targetQuantity":null},{"template":"/order/spendYInXGetOrderDiscount.pmdt","filterForQualifierZeroPrices":null,"endDate":"2025-06-03T05:00:00.000Z","displayName":"Spend75Save15 - Wave 105","templateValues":{"condition_psc_value":{"includedRuleSet":{},"includedSkus":[],"includedCategories":[],"includedProducts":[],"excludedSkus":["9999991"],"excludedRuleSet":{},"excludedProducts":["GiftCard"],"excludedCategories":[]},"spend_value":"75","discount_value":"15","discount_type_value":"amountOff"},"description":null,"global":false,"sites":[],"maxUsesPerAccount":-1,"type":9,"enabled":true,"filterForQualifierNegativePrices":null,"cardIINRanges":[],"parentFolder":{"id":"promoFold1100001"},"filterForQualifierOnSale":null,"priceListGroups":[{"id":"princessAutoDefaultPriceGroup"}],"translations":{"items":[{"displayName":"Spend75Save15 - Wave 105","description":null,"lang":"en"}]},"audiences":[],"id":"promo610005","filterForQualifierActedAsQualifier":null,"giveToAnonymousProfiles":true,"closenessQualifiers":[],"shippingMethods":[],"targetAmount":75,"priority":1,"filterForQualifierDiscountedByAny":null,"excludedPromotions":[],"templatePath":"order","maxUsesPerUser":-1,"unqualifiedMessages":[],"allowMultiple":true,"templateName":"spendYInXGetOrderDiscount","qualifiedMessages":[],"uses":1,"stackingRule":null,"maxUsesPerOrder":-1,"startDate":"2025-04-23T05:00:00.000Z","targetQuantity":null},{"template":"/order/spendYInXGetOrderDiscount.pmdt","filterForQualifierZeroPrices":null,"endDate":"2025-06-17T05:00:00.000Z","displayName":"Spend75Save15 - Wave 106","templateValues":{"condition_psc_value":{"includedRuleSet":{},"includedSkus":[],"includedCategories":[],"includedProducts":[],"excludedSkus":["9999991"],"excludedRuleSet":{},"excludedProducts":["GiftCard"],"excludedCategories":[]},"spend_value":"75","discount_value":"15","discount_type_value":"amountOff"},"description":null,"global":false,"sites":[],"maxUsesPerAccount":-1,"type":9,"enabled":true,"filterForQualifierNegativePrices":null,"cardIINRanges":[],"parentFolder":{"id":"promoFold1100001"},"filterForQualifierOnSale":null,"priceListGroups":[{"id":"princessAutoDefaultPriceGroup"}],"translations":{"items":[{"displayName":"Spend75Save15 - Wave 106","description":null,"lang":"en"}]},"audiences":[],"id":"promo610006","filterForQualifierActedAsQualifier":null,"giveToAnonymousProfiles":true,"closenessQualifiers":[],"shippingMethods":[],"targetAmount":75,"priority":1,"filterForQualifierDiscountedByAny":null,"excludedPromotions":[],"templatePath":"order","maxUsesPerUser":-1,"unqualifiedMessages":[],"allowMultiple":true,"templateName":"spendYInXGetOrderDiscount","qualifiedMessages":[],"uses":1,"stackingRule":null,"maxUsesPerOrder":-1,"startDate":"2025-05-07T05:00:00.000Z","targetQuantity":null},{"template":"/order/spendYInXGetOrderDiscount.pmdt","filterForQualifierZeroPrices":null,"endDate":"2025-07-01T05:00:00.000Z","displayName":"Spend75Save15 - Wave 107","templateValues":{"condition_psc_value":{"includedRuleSet":{},"includedSkus":[],"includedCategories":[],"includedProducts":[],"excludedSkus":["9999991"],"excludedRuleSet":{},"excludedProducts":["GiftCard"],"excludedCategories":[]},"spend_value":"75","discount_value":"15","discount_type_value":"amountOff"},"description":null,"global":false,"sites":[],"maxUsesPerAccount":-1,"type":9,"enabled":true,"filterForQualifierNegativePrices":null,"cardIINRanges":[],"parentFolder":{"id":"promoFold1100001"},"filterForQualifierOnSale":null,"priceListGroups":[{"id":"princessAutoDefaultPriceGroup"}],"translations":{"items":[{"displayName":"Spend75Save15 - Wave 107","description":null,"lang":"en"}]},"audiences":[],"id":"promo610007","filterForQualifierActedAsQualifier":null,"giveToAnonymousProfiles":true,"closenessQualifiers":[],"shippingMethods":[],"targetAmount":75,"priority":1,"filterForQualifierDiscountedByAny":null,"excludedPromotions":[],"templatePath":"order","maxUsesPerUser":-1,"unqualifiedMessages":[],"allowMultiple":true,"templateName":"spendYInXGetOrderDiscount","qualifiedMessages":[],"uses":1,"stackingRule":null,"maxUsesPerOrder":-1,"startDate":"2025-05-21T05:00:00.000Z","targetQuantity":null},{"template":"/order/spendYInXGetOrderDiscount.pmdt","filterForQualifierZeroPrices":null,"endDate":"2025-07-15T05:00:00.000Z","displayName":"Spend75Save15 - Wave 108","templateValues":{"condition_psc_value":{"includedRuleSet":{},"includedSkus":[],"includedCategories":[],"includedProducts":[],"excludedSkus":["9999991"],"excludedRuleSet":{},"excludedProducts":["GiftCard"],"excludedCategories":[]},"spend_value":"75","discount_value":"15","discount_type_value":"amountOff"},"description":null,"global":false,"sites":[],"maxUsesPerAccount":-1,"type":9,"enabled":true,"filterForQualifierNegativePrices":null,"cardIINRanges":[],"parentFolder":{"id":"promoFold1100001"},"filterForQualifierOnSale":null,"priceListGroups":[{"id":"princessAutoDefaultPriceGroup"}],"translations":{"items":[{"displayName":"Spend75Save15 - Wave 108","description":null,"lang":"en"}]},"audiences":[],"id":"promo610008","filterForQualifierActedAsQualifier":null,"giveToAnonymousProfiles":true,"closenessQualifiers":[],"shippingMethods":[],"targetAmount":75,"priority":1,"filterForQualifierDiscountedByAny":null,"excludedPromotions":[],"templatePath":"order","maxUsesPerUser":-1,"unqualifiedMessages":[],"allowMultiple":true,"templateName":"spendYInXGetOrderDiscount","qualifiedMessages":[],"uses":1,"stackingRule":null,"maxUsesPerOrder":-1,"startDate":"2025-06-04T05:00:00.000Z","targetQuantity":null},{"template":"/order/spendYInXGetOrderDiscount.pmdt","filterForQualifierZeroPrices":null,"endDate":"2025-07-29T05:00:00.000Z","displayName":"Spend75Save15 - Wave 109","templateValues":{"condition_psc_value":{"includedRuleSet":{},"includedSkus":[],"includedCategories":[],"includedProducts":[],"excludedSkus":["9999991"],"excludedRuleSet":{},"excludedProducts":["GiftCard"],"excludedCategories":[]},"spend_value":"75","discount_value":"15","discount_type_value":"amountOff"},"description":null,"global":false,"sites":[],"maxUsesPerAccount":-1,"type":9,"enabled":true,"filterForQualifierNegativePrices":null,"cardIINRanges":[],"parentFolder":{"id":"promoFold1100001"},"filterForQualifierOnSale":null,"priceListGroups":[{"id":"princessAutoDefaultPriceGroup"}],"translations":{"items":[{"displayName":"Spend75Save15 - Wave 109","description":null,"lang":"en"}]},"audiences":[],"id":"promo610009","filterForQualifierActedAsQualifier":null,"giveToAnonymousProfiles":true,"closenessQualifiers":[],"shippingMethods":[],"targetAmount":75,"priority":1,"filterForQualifierDiscountedByAny":null,"excludedPromotions":[],"templatePath":"order","maxUsesPerUser":-1,"unqualifiedMessages":[],"allowMultiple":true,"templateName":"spendYInXGetOrderDiscount","qualifiedMessages":[],"uses":1,"stackingRule":null,"maxUsesPerOrder":-1,"startDate":"2025-06-18T05:00:00.000Z","targetQuantity":null},{"template":"/order/spendYInXGetOrderDiscount.pmdt","filterForQualifierZeroPrices":null,"endDate":"2025-08-12T05:00:00.000Z","displayName":"Spend75Save15 - Wave 110","templateValues":{"condition_psc_value":{"includedRuleSet":{},"includedSkus":[],"includedCategories":[],"includedProducts":[],"excludedSkus":["9999991"],"excludedRuleSet":{},"excludedProducts":["GiftCard"],"excludedCategories":[]},"spend_value":"75","discount_value":"15","discount_type_value":"amountOff"},"description":null,"global":false,"sites":[],"maxUsesPerAccount":-1,"type":9,"enabled":true,"filterForQualifierNegativePrices":null,"cardIINRanges":[],"parentFolder":{"id":"promoFold1100001"},"filterForQualifierOnSale":null,"priceListGroups":[{"id":"princessAutoDefaultPriceGroup"}],"translations":{"items":[{"displayName":"Spend75Save15 - Wave 110","description":null,"lang":"en"}]},"audiences":[],"id":"promo610010","filterForQualifierActedAsQualifier":null,"giveToAnonymousProfiles":true,"closenessQualifiers":[],"shippingMethods":[],"targetAmount":75,"priority":1,"filterForQualifierDiscountedByAny":null,"excludedPromotions":[],"templatePath":"order","maxUsesPerUser":-1,"unqualifiedMessages":[],"allowMultiple":true,"templateName":"spendYInXGetOrderDiscount","qualifiedMessages":[],"uses":1,"stackingRule":null,"maxUsesPerOrder":-1,"startDate":"2025-07-02T05:00:00.000Z","targetQuantity":null},{"template":"/order/spendYInXGetOrderDiscount.pmdt","filterForQualifierZeroPrices":null,"endDate":"2025-08-26T05:00:00.000Z","displayName":"Spend75Save15 - Wave 111","templateValues":{"condition_psc_value":{"includedRuleSet":{},"includedSkus":[],"includedCategories":[],"includedProducts":[],"excludedSkus":["9999991"],"excludedRuleSet":{},"excludedProducts":["GiftCard"],"excludedCategories":[]},"spend_value":"75","discount_value":"15","discount_type_value":"amountOff"},"description":null,"global":false,"sites":[],"maxUsesPerAccount":-1,"type":9,"enabled":true,"filterForQualifierNegativePrices":null,"cardIINRanges":[],"parentFolder":{"id":"promoFold1100001"},"filterForQualifierOnSale":null,"priceListGroups":[{"id":"princessAutoDefaultPriceGroup"}],"translations":{"items":[{"displayName":"Spend75Save15 - Wave 111","description":null,"lang":"en"}]},"audiences":[],"id":"promo610011","filterForQualifierActedAsQualifier":null,"giveToAnonymousProfiles":true,"closenessQualifiers":[],"shippingMethods":[],"targetAmount":75,"priority":1,"filterForQualifierDiscountedByAny":null,"excludedPromotions":[],"templatePath":"order","maxUsesPerUser":-1,"unqualifiedMessages":[],"allowMultiple":true,"templateName":"spendYInXGetOrderDiscount","qualifiedMessages":[],"uses":1,"stackingRule":null,"maxUsesPerOrder":-1,"startDate":"2025-07-16T05:00:00.000Z","targetQuantity":null},{"template":"/order/spendYInXGetOrderDiscount.pmdt","filterForQualifierZeroPrices":null,"endDate":"2025-09-09T05:00:00.000Z","displayName":"Spend75Save15 - Wave 112","templateValues":{"condition_psc_value":{"includedRuleSet":{},"includedSkus":[],"includedCategories":[],"includedProducts":[],"excludedSkus":["9999991"],"excludedRuleSet":{},"excludedProducts":["GiftCard"],"excludedCategories":[]},"spend_value":"75","discount_value":"15","discount_type_value":"amountOff"},"description":null,"global":false,"sites":[],"maxUsesPerAccount":-1,"type":9,"enabled":true,"filterForQualifierNegativePrices":null,"cardIINRanges":[],"parentFolder":{"id":"promoFold1100001"},"filterForQualifierOnSale":null,"priceListGroups":[{"id":"princessAutoDefaultPriceGroup"}],"translations":{"items":[{"displayName":"Spend75Save15 - Wave 112","description":null,"lang":"en"}]},"audiences":[],"id":"promo610012","filterForQualifierActedAsQualifier":null,"giveToAnonymousProfiles":true,"closenessQualifiers":[],"shippingMethods":[],"targetAmount":75,"priority":1,"filterForQualifierDiscountedByAny":null,"excludedPromotions":[],"templatePath":"order","maxUsesPerUser":-1,"unqualifiedMessages":[],"allowMultiple":true,"templateName":"spendYInXGetOrderDiscount","qualifiedMessages":[],"uses":1,"stackingRule":null,"maxUsesPerOrder":-1,"startDate":"2025-07-30T05:00:00.000Z","targetQuantity":null},{"template":"/order/spendYInXGetOrderDiscount.pmdt","filterForQualifierZeroPrices":null,"endDate":"2025-09-23T05:00:00.000Z","displayName":"Spend75Save15 - Wave 113","templateValues":{"condition_psc_value":{"includedRuleSet":{},"includedSkus":[],"includedCategories":[],"includedProducts":[],"excludedSkus":["9999991"],"excludedRuleSet":{},"excludedProducts":["GiftCard"],"excludedCategories":[]},"spend_value":"75","discount_value":"15","discount_type_value":"amountOff"},"description":null,"global":false,"sites":[],"maxUsesPerAccount":-1,"type":9,"enabled":true,"filterForQualifierNegativePrices":null,"cardIINRanges":[],"parentFolder":{"id":"promoFold1100001"},"filterForQualifierOnSale":null,"priceListGroups":[{"id":"princessAutoDefaultPriceGroup"}],"translations":{"items":[{"displayName":"Spend75Save15 - Wave 113","description":null,"lang":"en"}]},"audiences":[],"id":"promo610013","filterForQualifierActedAsQualifier":null,"giveToAnonymousProfiles":true,"closenessQualifiers":[],"shippingMethods":[],"targetAmount":75,"priority":1,"filterForQualifierDiscountedByAny":null,"excludedPromotions":[],"templatePath":"order","maxUsesPerUser":-1,"unqualifiedMessages":[],"allowMultiple":true,"templateName":"spendYInXGetOrderDiscount","qualifiedMessages":[],"uses":1,"stackingRule":null,"maxUsesPerOrder":-1,"startDate":"2025-08-13T05:00:00.000Z","targetQuantity":null},{"template":"/order/spendYInXGetOrderDiscount.pmdt","filterForQualifierZeroPrices":null,"endDate":"2025-10-07T05:00:00.000Z","displayName":"Spend75Save15 - Wave 114","templateValues":{"condition_psc_value":{"includedRuleSet":{},"includedSkus":[],"includedCategories":[],"includedProducts":[],"excludedSkus":["9999991"],"excludedRuleSet":{},"excludedProducts":["GiftCard"],"excludedCategories":[]},"spend_value":"75","discount_value":"15","discount_type_value":"amountOff"},"description":null,"global":false,"sites":[],"maxUsesPerAccount":-1,"type":9,"enabled":true,"filterForQualifierNegativePrices":null,"cardIINRanges":[],"parentFolder":{"id":"promoFold1100001"},"filterForQualifierOnSale":null,"priceListGroups":[{"id":"princessAutoDefaultPriceGroup"}],"translations":{"items":[{"displayName":"Spend75Save15 - Wave 114","description":null,"lang":"en"}]},"audiences":[],"id":"promo610014","filterForQualifierActedAsQualifier":null,"giveToAnonymousProfiles":true,"closenessQualifiers":[],"shippingMethods":[],"targetAmount":75,"priority":1,"filterForQualifierDiscountedByAny":null,"excludedPromotions":[],"templatePath":"order","maxUsesPerUser":-1,"unqualifiedMessages":[],"allowMultiple":true,"templateName":"spendYInXGetOrderDiscount","qualifiedMessages":[],"uses":1,"stackingRule":null,"maxUsesPerOrder":-1,"startDate":"2025-08-27T05:00:00.000Z","targetQuantity":null},{"template":"/order/spendYInXGetOrderDiscount.pmdt","filterForQualifierZeroPrices":null,"endDate":"2025-10-21T05:00:00.000Z","displayName":"Spend75Save15 - Wave 115","templateValues":{"condition_psc_value":{"includedRuleSet":{},"includedSkus":[],"includedCategories":[],"includedProducts":[],"excludedSkus":["9999991"],"excludedRuleSet":{},"excludedProducts":["GiftCard"],"excludedCategories":[]},"spend_value":"75","discount_value":"15","discount_type_value":"amountOff"},"description":null,"global":false,"sites":[],"maxUsesPerAccount":-1,"type":9,"enabled":true,"filterForQualifierNegativePrices":null,"cardIINRanges":[],"parentFolder":{"id":"promoFold1100001"},"filterForQualifierOnSale":null,"priceListGroups":[{"id":"princessAutoDefaultPriceGroup"}],"translations":{"items":[{"displayName":"Spend75Save15 - Wave 115","description":null,"lang":"en"}]},"audiences":[],"id":"promo610015","filterForQualifierActedAsQualifier":null,"giveToAnonymousProfiles":true,"closenessQualifiers":[],"shippingMethods":[],"targetAmount":75,"priority":1,"filterForQualifierDiscountedByAny":null,"excludedPromotions":[],"templatePath":"order","maxUsesPerUser":-1,"unqualifiedMessages":[],"allowMultiple":true,"templateName":"spendYInXGetOrderDiscount","qualifiedMessages":[],"uses":1,"stackingRule":null,"maxUsesPerOrder":-1,"startDate":"2025-09-10T05:00:00.000Z","targetQuantity":null},{"template":"/order/spendYInXGetOrderDiscount.pmdt","filterForQualifierZeroPrices":null,"endDate":"2025-11-04T06:00:00.000Z","displayName":"Spend75Save15 - Wave 116","templateValues":{"condition_psc_value":{"includedRuleSet":{},"includedSkus":[],"includedCategories":[],"includedProducts":[],"excludedSkus":["9999991"],"excludedRuleSet":{},"excludedProducts":["GiftCard"],"excludedCategories":[]},"spend_value":"75","discount_value":"15","discount_type_value":"amountOff"},"description":null,"global":false,"sites":[],"maxUsesPerAccount":-1,"type":9,"enabled":true,"filterForQualifierNegativePrices":null,"cardIINRanges":[],"parentFolder":{"id":"promoFold1100001"},"filterForQualifierOnSale":null,"priceListGroups":[{"id":"princessAutoDefaultPriceGroup"}],"translations":{"items":[{"displayName":"Spend75Save15 - Wave 116","description":null,"lang":"en"}]},"audiences":[],"id":"promo610016","filterForQualifierActedAsQualifier":null,"giveToAnonymousProfiles":true,"closenessQualifiers":[],"shippingMethods":[],"targetAmount":75,"priority":1,"filterForQualifierDiscountedByAny":null,"excludedPromotions":[],"templatePath":"order","maxUsesPerUser":-1,"unqualifiedMessages":[],"allowMultiple":true,"templateName":"spendYInXGetOrderDiscount","qualifiedMessages":[],"uses":1,"stackingRule":null,"maxUsesPerOrder":-1,"startDate":"2025-09-24T05:00:00.000Z","targetQuantity":null},{"template":"/order/spendYInXGetOrderDiscount.pmdt","filterForQualifierZeroPrices":null,"endDate":"2025-11-18T06:00:00.000Z","displayName":"Spend75Save15 - Wave 117","templateValues":{"condition_psc_value":{"includedRuleSet":{},"includedSkus":[],"includedCategories":[],"includedProducts":[],"excludedSkus":["9999991"],"excludedRuleSet":{},"excludedProducts":["GiftCard"],"excludedCategories":[]},"spend_value":"75","discount_value":"15","discount_type_value":"amountOff"},"description":null,"global":false,"sites":[],"maxUsesPerAccount":-1,"type":9,"enabled":true,"filterForQualifierNegativePrices":null,"cardIINRanges":[],"parentFolder":{"id":"promoFold1100001"},"filterForQualifierOnSale":null,"priceListGroups":[{"id":"princessAutoDefaultPriceGroup"}],"translations":{"items":[{"displayName":"Spend75Save15 - Wave 117","description":null,"lang":"en"}]},"audiences":[],"id":"promo610017","filterForQualifierActedAsQualifier":null,"giveToAnonymousProfiles":true,"closenessQualifiers":[],"shippingMethods":[],"targetAmount":75,"priority":1,"filterForQualifierDiscountedByAny":null,"excludedPromotions":[],"templatePath":"order","maxUsesPerUser":-1,"unqualifiedMessages":[],"allowMultiple":true,"templateName":"spendYInXGetOrderDiscount","qualifiedMessages":[],"uses":1,"stackingRule":null,"maxUsesPerOrder":-1,"startDate":"2025-10-08T05:00:00.000Z","targetQuantity":null},{"template":"/order/spendYInXGetOrderDiscount.pmdt","filterForQualifierZeroPrices":null,"endDate":"2025-12-02T06:00:00.000Z","displayName":"Spend75Save15 - Wave 118","templateValues":{"condition_psc_value":{"includedRuleSet":{},"includedSkus":[],"includedCategories":[],"includedProducts":[],"excludedSkus":["9999991"],"excludedRuleSet":{},"excludedProducts":["GiftCard"],"excludedCategories":[]},"spend_value":"75","discount_value":"15","discount_type_value":"amountOff"},"description":null,"global":false,"sites":[],"maxUsesPerAccount":-1,"type":9,"enabled":true,"filterForQualifierNegativePrices":null,"cardIINRanges":[],"parentFolder":{"id":"promoFold1100001"},"filterForQualifierOnSale":null,"priceListGroups":[{"id":"princessAutoDefaultPriceGroup"}],"translations":{"items":[{"displayName":"Spend75Save15 - Wave 118","description":null,"lang":"en"}]},"audiences":[],"id":"promo610018","filterForQualifierActedAsQualifier":null,"giveToAnonymousProfiles":true,"closenessQualifiers":[],"shippingMethods":[],"targetAmount":75,"priority":1,"filterForQualifierDiscountedByAny":null,"excludedPromotions":[],"templatePath":"order","maxUsesPerUser":-1,"unqualifiedMessages":[],"allowMultiple":true,"templateName":"spendYInXGetOrderDiscount","qualifiedMessages":[],"uses":1,"stackingRule":null,"maxUsesPerOrder":-1,"startDate":"2025-10-22T05:00:00.000Z","targetQuantity":null},{"template":"/order/spendYInXGetOrderDiscount.pmdt","filterForQualifierZeroPrices":null,"endDate":"2025-12-16T06:00:00.000Z","displayName":"Spend75Save15 - Wave 119","templateValues":{"condition_psc_value":{"includedRuleSet":{},"includedSkus":[],"includedCategories":[],"includedProducts":[],"excludedSkus":["9999991"],"excludedRuleSet":{},"excludedProducts":["GiftCard"],"excludedCategories":[]},"spend_value":"75","discount_value":"15","discount_type_value":"amountOff"},"description":null,"global":false,"sites":[],"maxUsesPerAccount":-1,"type":9,"enabled":true,"filterForQualifierNegativePrices":null,"cardIINRanges":[],"parentFolder":{"id":"promoFold1100001"},"filterForQualifierOnSale":null,"priceListGroups":[{"id":"princessAutoDefaultPriceGroup"}],"translations":{"items":[{"displayName":"Spend75Save15 - Wave 119","description":null,"lang":"en"}]},"audiences":[],"id":"promo610019","filterForQualifierActedAsQualifier":null,"giveToAnonymousProfiles":true,"closenessQualifiers":[],"shippingMethods":[],"targetAmount":75,"priority":1,"filterForQualifierDiscountedByAny":null,"excludedPromotions":[],"templatePath":"order","maxUsesPerUser":-1,"unqualifiedMessages":[],"allowMultiple":true,"templateName":"spendYInXGetOrderDiscount","qualifiedMessages":[],"uses":1,"stackingRule":null,"maxUsesPerOrder":-1,"startDate":"2025-11-05T06:00:00.000Z","targetQuantity":null},{"template":"/order/spendYInXGetOrderDiscount.pmdt","filterForQualifierZeroPrices":null,"endDate":"2025-12-30T06:00:00.000Z","displayName":"Spend75Save15 - Wave 120","templateValues":{"condition_psc_value":{"includedRuleSet":{},"includedSkus":[],"includedCategories":[],"includedProducts":[],"excludedSkus":["9999991"],"excludedRuleSet":{},"excludedProducts":["GiftCard"],"excludedCategories":[]},"spend_value":"75","discount_value":"15","discount_type_value":"amountOff"},"description":null,"global":false,"sites":[],"maxUsesPerAccount":-1,"type":9,"enabled":true,"filterForQualifierNegativePrices":null,"cardIINRanges":[],"parentFolder":{"id":"promoFold1100001"},"filterForQualifierOnSale":null,"priceListGroups":[{"id":"princessAutoDefaultPriceGroup"}],"translations":{"items":[{"displayName":"Spend75Save15 - Wave 120","description":null,"lang":"en"}]},"audiences":[],"id":"promo610020","filterForQualifierActedAsQualifier":null,"giveToAnonymousProfiles":true,"closenessQualifiers":[],"shippingMethods":[],"targetAmount":75,"priority":1,"filterForQualifierDiscountedByAny":null,"excludedPromotions":[],"templatePath":"order","maxUsesPerUser":-1,"unqualifiedMessages":[],"allowMultiple":true,"templateName":"spendYInXGetOrderDiscount","qualifiedMessages":[],"uses":1,"stackingRule":null,"maxUsesPerOrder":-1,"startDate":"2025-11-19T06:00:00.000Z","targetQuantity":null},{"template":"/order/spendYInXGetOrderDiscount.pmdt","filterForQualifierZeroPrices":null,"endDate":"2026-01-13T06:00:00.000Z","displayName":"Spend75Save15 - Wave 121","templateValues":{"condition_psc_value":{"includedRuleSet":{},"includedSkus":[],"includedCategories":[],"includedProducts":[],"excludedSkus":["9999991"],"excludedRuleSet":{},"excludedProducts":["GiftCard"],"excludedCategories":[]},"spend_value":"75","discount_value":"15","discount_type_value":"amountOff"},"description":null,"global":false,"sites":[],"maxUsesPerAccount":-1,"type":9,"enabled":true,"filterForQualifierNegativePrices":null,"cardIINRanges":[],"parentFolder":{"id":"promoFold1100001"},"filterForQualifierOnSale":null,"priceListGroups":[{"id":"princessAutoDefaultPriceGroup"}],"translations":{"items":[{"displayName":"Spend75Save15 - Wave 121","description":null,"lang":"en"}]},"audiences":[],"id":"promo610021","filterForQualifierActedAsQualifier":null,"giveToAnonymousProfiles":true,"closenessQualifiers":[],"shippingMethods":[],"targetAmount":75,"priority":1,"filterForQualifierDiscountedByAny":null,"excludedPromotions":[],"templatePath":"order","maxUsesPerUser":-1,"unqualifiedMessages":[],"allowMultiple":true,"templateName":"spendYInXGetOrderDiscount","qualifiedMessages":[],"uses":1,"stackingRule":null,"maxUsesPerOrder":-1,"startDate":"2025-12-03T06:00:00.000Z","targetQuantity":null},{"template":"/order/spendYInXGetOrderDiscount.pmdt","filterForQualifierZeroPrices":null,"endDate":"2026-01-27T06:00:00.000Z","displayName":"Spend75Save15 - Wave 122","templateValues":{"condition_psc_value":{"includedRuleSet":{},"includedSkus":[],"includedCategories":[],"includedProducts":[],"excludedSkus":["9999991"],"excludedRuleSet":{},"excludedProducts":["GiftCard"],"excludedCategories":[]},"spend_value":"75","discount_value":"15","discount_type_value":"amountOff"},"description":null,"global":false,"sites":[],"maxUsesPerAccount":-1,"type":9,"enabled":true,"filterForQualifierNegativePrices":null,"cardIINRanges":[],"parentFolder":{"id":"promoFold1100001"},"filterForQualifierOnSale":null,"priceListGroups":[{"id":"princessAutoDefaultPriceGroup"}],"translations":{"items":[{"displayName":"Spend75Save15 - Wave 122","description":null,"lang":"en"}]},"audiences":[],"id":"promo610022","filterForQualifierActedAsQualifier":null,"giveToAnonymousProfiles":true,"closenessQualifiers":[],"shippingMethods":[],"targetAmount":75,"priority":1,"filterForQualifierDiscountedByAny":null,"excludedPromotions":[],"templatePath":"order","maxUsesPerUser":-1,"unqualifiedMessages":[],"allowMultiple":true,"templateName":"spendYInXGetOrderDiscount","qualifiedMessages":[],"uses":1,"stackingRule":null,"maxUsesPerOrder":-1,"startDate":"2025-12-17T06:00:00.000Z","targetQuantity":null},{"template":"/order/spendYInXGetOrderDiscount.pmdt","filterForQualifierZeroPrices":null,"endDate":"2026-02-10T06:00:00.000Z","displayName":"Spend75Save15 - Wave 123","templateValues":{"condition_psc_value":{"includedRuleSet":{},"includedSkus":[],"includedCategories":[],"includedProducts":[],"excludedSkus":["9999991"],"excludedRuleSet":{},"excludedProducts":["GiftCard"],"excludedCategories":[]},"spend_value":"75","discount_value":"15","discount_type_value":"amountOff"},"description":null,"global":false,"sites":[],"maxUsesPerAccount":-1,"type":9,"enabled":true,"filterForQualifierNegativePrices":null,"cardIINRanges":[],"parentFolder":{"id":"promoFold1100001"},"filterForQualifierOnSale":null,"priceListGroups":[{"id":"princessAutoDefaultPriceGroup"}],"translations":{"items":[{"displayName":"Spend75Save15 - Wave 123","description":null,"lang":"en"}]},"audiences":[],"id":"promo610023","filterForQualifierActedAsQualifier":null,"giveToAnonymousProfiles":true,"closenessQualifiers":[],"shippingMethods":[],"targetAmount":75,"priority":1,"filterForQualifierDiscountedByAny":null,"excludedPromotions":[],"templatePath":"order","maxUsesPerUser":-1,"unqualifiedMessages":[],"allowMultiple":true,"templateName":"spendYInXGetOrderDiscount","qualifiedMessages":[],"uses":1,"stackingRule":null,"maxUsesPerOrder":-1,"startDate":"2025-12-31T06:00:00.000Z","targetQuantity":null},{"template":"/shipping/getShippingDiscount.pmdt","filterForQualifierZeroPrices":null,"endDate":"2028-02-26T06:00:00.000Z","displayName":"Free Shipping NCC","templateValues":{"discount_value":"100","discount_type_value":"percentOff"},"description":null,"global":false,"sites":[],"maxUsesPerAccount":-1,"type":5,"enabled":true,"filterForQualifierNegativePrices":null,"cardIINRanges":[],"parentFolder":null,"filterForQualifierOnSale":null,"priceListGroups":[{"id":"princessAutoDefaultPriceGroup"}],"translations":{"items":[{"displayName":"Free Shipping NCC","description":null,"lang":"en"}]},"oneUsePerOrder":false,"audiences":[],"id":"promo640001","filterForQualifierActedAsQualifier":null,"giveToAnonymousProfiles":true,"closenessQualifiers":[],"shippingMethods":["100009","100002","200001","100003","100007","100008"],"targetAmount":null,"priority":1,"filterForQualifierDiscountedByAny":null,"excludedPromotions":[],"templatePath":"shipping","maxUsesPerUser":-1,"unqualifiedMessages":[],"allowMultiple":true,"templateName":"getShippingDiscount","qualifiedMessages":[],"uses":1,"stackingRule":null,"maxUsesPerOrder":-1,"startDate":"2025-02-26T06:00:00.000Z","targetQuantity":null},{"template":"/shipping/spendYGetShippingDiscount.pmdt","filterForQualifierZeroPrices":null,"endDate":"2025-07-31T05:00:00.000Z","displayName":"Burlington2025","templateValues":{"spend_value":"100","discount_value":"50","discount_type_value":"amountOff"},"description":null,"global":false,"sites":[],"maxUsesPerAccount":-1,"type":5,"enabled":true,"filterForQualifierNegativePrices":null,"cardIINRanges":[],"parentFolder":{"id":"promoFold400003"},"filterForQualifierOnSale":null,"priceListGroups":[{"id":"princessAutoDefaultPriceGroup"}],"translations":{"items":[{"displayName":"Burlington2025","description":null,"lang":"en"}]},"oneUsePerOrder":false,"audiences":[],"id":"promo670002","filterForQualifierActedAsQualifier":null,"giveToAnonymousProfiles":true,"closenessQualifiers":[],"shippingMethods":["100009","200001","100003"],"targetAmount":100,"priority":1,"filterForQualifierDiscountedByAny":null,"excludedPromotions":[],"templatePath":"shipping","maxUsesPerUser":-1,"unqualifiedMessages":[],"allowMultiple":true,"templateName":"spendYGetShippingDiscount","qualifiedMessages":[],"uses":1,"stackingRule":null,"maxUsesPerOrder":-1,"startDate":null,"targetQuantity":null},{"template":"/item/bogoSortBy.pmdt","filterForQualifierZeroPrices":null,"endDate":"2025-06-02T05:00:00.000Z","displayName":"POWERFIST 20V Tool with Battery Promo","templateValues":{"condition_psc_value":{"includedRuleSet":{},"includedSkus":["9296617","9187014","9186990","9296625","9049024"],"includedCategories":[],"includedProducts":["PA0009049024","PA0009296625","PA0009186990","PA0009187014","PA0009296617"],"excludedSkus":[],"excludedRuleSet":{},"excludedProducts":[],"excludedCategories":[]},"optional_offer_psc_value":{"includedRuleSet":{},"includedSkus":["9054693"],"includedCategories":[],"sameAsCondition":false,"includedProducts":["PA0009054693"],"excludedSkus":[],"excludedRuleSet":{},"excludedProducts":[],"excludedCategories":[]},"no_of_items_to_discount":"1","discount_value":"1","sort_by":"priceInfo.listPrice","discount_type_value":"fixedPrice","sort_order":"ascending","no_of_items_to_buy":"1"},"description":null,"global":true,"sites":[],"maxUsesPerAccount":-1,"filterForQualifierDiscountedByCurrent":null,"type":0,"enabled":true,"filterForQualifierNegativePrices":null,"cardIINRanges":[],"parentFolder":{"id":"promoFold700001"},"filterForQualifierOnSale":null,"priceListGroups":[{"id":"princessAutoDefaultPriceGroup"}],"filterForTargetNegativePrices":null,"translations":{"items":[{"displayName":"POWERFIST 20V Tool with Battery Promo","description":null,"lang":"en"},{"displayName":"Promotion d'outil POWERFIST de 20 V avec batterie","description":null,"lang":"fr_CA"}]},"audiences":[],"id":"promo680001","filterForQualifierActedAsQualifier":null,"giveToAnonymousProfiles":true,"closenessQualifiers":[],"shippingMethods":[],"filterForTargetDiscountedByCurrent":null,"filterForTargetDiscountedByAny":null,"filterForTargetActedAsQualifier":null,"targetAmount":null,"priority":1,"filterForQualifierDiscountedByAny":null,"filterForTargetOnSale":null,"excludedPromotions":[],"templatePath":"item","maxUsesPerUser":-1,"unqualifiedMessages":[],"filterForTargetZeroPrices":null,"allowMultiple":true,"templateName":"bogoSortBy","qualifiedMessages":[],"filterForTargetPriceLTOETPromoPrice":null,"uses":1,"stackingRule":null,"maxUsesPerOrder":-1,"startDate":"2025-05-20T05:00:00.000Z","targetQuantity":1}]}