Sku #,Store #,Available Qty
8411267,2,42
8411267,3,21
8411267,4,11
8411267,5,2
8411267,6,72
8411267,7,20
8411267,8,27
8411267,9,86
8411267,10,20
8411267,11,26
8411267,12,26
8411267,13,96
8411267,14,29
8411267,15,31
8411267,16,87
8411267,17,6
8411267,18,52
8411267,19,72
8411267,20,61
8411267,21,71
8411267,22,5
8411267,23,49
8411267,24,80
8411267,25,3
8411267,26,97
8411267,27,98
8411267,28,74
8411267,29,34
8411267,30,93
8411267,31,14
8411267,32,34
8411267,33,42
8411267,34,76
8411267,35,70
8411267,36,86
8411267,37,13
8411267,38,75
8411267,39,39
8411267,40,33
8411267,41,51
8411267,42,44
8411267,43,65
8411267,44,71
8411267,45,45
8411267,46,77
8411267,48,84
8411267,49,79
8411267,50,79
8411267,51,52
8411267,52,76
8411267,53,15
8411267,54,26
8411267,55,10
8411267,56,47
8411267,58,58
8411267,59,59
8411267,60,40
8411267,1,2851
8411268,2,65
8411268,3,57
8411268,4,27
8411268,5,85
8411268,6,92
8411268,7,19
8411268,8,72
8411268,9,95
8411268,10,74
8411268,11,51
8411268,12,56
8411268,13,30
8411268,14,17
8411268,15,61
8411268,16,39
8411268,17,5
8411268,18,83
8411268,19,27
8411268,20,16
8411268,21,38
8411268,22,65
8411268,23,30
8411268,24,87
8411268,25,85
8411268,26,100
8411268,27,10
8411268,28,15
8411268,29,1
8411268,30,11
8411268,31,13
8411268,32,48
8411268,33,40
8411268,34,72
8411268,35,79
8411268,36,2
8411268,37,95
8411268,38,48
8411268,39,81
8411268,40,47
8411268,41,62
8411268,42,47
8411268,43,63
8411268,44,6
8411268,45,1
8411268,46,27
8411268,48,9
8411268,49,3
8411268,50,37
8411268,51,5
8411268,52,25
8411268,53,2
8411268,54,100
8411268,55,61
8411268,56,71
8411268,58,41
8411268,59,83
8411268,60,48
8411268,1,2629
8411269,2,13
8411269,3,70
8411269,4,63
8411269,5,10
8411269,6,10
8411269,7,30
8411269,8,42
8411269,9,83
8411269,10,87
8411269,11,5
8411269,12,84
8411269,13,46
8411269,14,57
8411269,15,10
8411269,16,46
8411269,17,69
8411269,18,12
8411269,19,7
8411269,20,52
8411269,21,87
8411269,22,23
8411269,23,62
8411269,24,58
8411269,25,35
8411269,26,80
8411269,27,69
8411269,28,84
8411269,29,87
8411269,30,43
8411269,31,59
8411269,32,27
8411269,33,17
8411269,34,99
8411269,35,43
8411269,36,9
8411269,37,69
8411269,38,46
8411269,39,85
8411269,40,10
8411269,41,16
8411269,42,92
8411269,43,86
8411269,44,23
8411269,45,90
8411269,46,47
8411269,48,44
8411269,49,18
8411269,50,86
8411269,51,42
8411269,52,16
8411269,53,1
8411269,54,59
8411269,55,73
8411269,56,76
8411269,58,9
8411269,59,1
8411269,60,33
8411269,1,2700
8411270,2,31
8411270,3,63
8411270,4,39
8411270,5,47
8411270,6,44
8411270,7,94
8411270,8,89
8411270,9,49
8411270,10,18
8411270,11,33
8411270,12,17
8411270,13,75
8411270,14,54
8411270,15,35
8411270,16,76
8411270,17,63
8411270,18,70
8411270,19,13
8411270,20,18
8411270,21,40
8411270,22,88
8411270,23,62
8411270,24,38
8411270,25,69
8411270,26,91
8411270,27,70
8411270,28,61
8411270,29,32
8411270,30,48
8411270,31,41
8411270,32,37
8411270,33,28
8411270,34,58
8411270,35,75
8411270,36,18
8411270,37,4
8411270,38,62
8411270,39,75
8411270,40,31
8411270,41,14
8411270,42,68
8411270,43,80
8411270,44,78
8411270,45,76
8411270,46,93
8411270,48,27
8411270,49,58
8411270,50,21
8411270,51,78
8411270,52,97
8411270,53,1
8411270,54,48
8411270,55,96
8411270,56,45
8411270,58,39
8411270,59,45
8411270,60,54
8411270,1,2974
8411271,2,55
8411271,3,30
8411271,4,93
8411271,5,100
8411271,6,100
8411271,7,57
8411271,8,95
8411271,9,54
8411271,10,30
8411271,11,97
8411271,12,50
8411271,13,37
8411271,14,99
8411271,15,72
8411271,16,51
8411271,17,73
8411271,18,67
8411271,19,60
8411271,20,44
8411271,21,78
8411271,22,52
8411271,23,30
8411271,24,7
8411271,25,71
8411271,26,60
8411271,27,52
8411271,28,14
8411271,29,76
8411271,30,31
8411271,31,79
8411271,32,66
8411271,33,24
8411271,34,13
8411271,35,30
8411271,36,36
8411271,37,36
8411271,38,2
8411271,39,58
8411271,40,99
8411271,41,43
8411271,42,91
8411271,43,100
8411271,44,2
8411271,45,11
8411271,46,60
8411271,48,96
8411271,49,77
8411271,50,43
8411271,51,87
8411271,52,32
8411271,53,63
8411271,54,12
8411271,55,20
8411271,56,87
8411271,58,76
8411271,59,46
8411271,60,1
8411271,1,3125
8411272,2,64
8411272,3,98
8411272,4,34
8411272,5,96
8411272,6,87
8411272,7,70
8411272,8,54
8411272,9,55
8411272,10,21
8411272,11,79
8411272,12,28
8411272,13,87
8411272,14,11
8411272,15,72
8411272,16,2
8411272,17,26
8411272,18,7
8411272,19,52
8411272,20,52
8411272,21,57
8411272,22,84
8411272,23,17
8411272,24,90
8411272,25,40
8411272,26,96
8411272,27,29
8411272,28,94
8411272,29,71
8411272,30,30
8411272,31,98
8411272,32,65
8411272,33,35
8411272,34,71
8411272,35,96
8411272,36,99
8411272,37,82
8411272,38,97
8411272,39,47
8411272,40,47
8411272,41,78
8411272,42,76
8411272,43,63
8411272,44,68
8411272,45,35
8411272,46,96
8411272,48,30
8411272,49,74
8411272,50,75
8411272,51,51
8411272,52,78
8411272,53,63
8411272,54,69
8411272,55,47
8411272,56,4
8411272,58,11
8411272,59,6
8411272,60,63
8411272,1,3327
8411273,2,90
8411273,3,63
8411273,4,9
8411273,5,25
8411273,6,52
8411273,7,55
8411273,8,37
8411273,9,70
8411273,10,2
8411273,11,61
8411273,12,95
8411273,13,72
8411273,14,57
8411273,15,59
8411273,16,25
8411273,17,17
8411273,18,24
8411273,19,78
8411273,20,86
8411273,21,100
8411273,22,17
8411273,23,58
8411273,24,11
8411273,25,12
8411273,26,56
8411273,27,95
8411273,28,26
8411273,29,60
8411273,30,92
8411273,31,97
8411273,32,77
8411273,33,13
8411273,34,25
8411273,35,23
8411273,36,75
8411273,37,86
8411273,38,42
8411273,39,62
8411273,40,25
8411273,41,84
8411273,42,21
8411273,43,64
8411273,44,83
8411273,45,84
8411273,46,14
8411273,48,4
8411273,49,63
8411273,50,38
8411273,51,52
8411273,52,6
8411273,53,3
8411273,54,6
8411273,55,27
8411273,56,56
8411273,58,47
8411273,59,90
8411273,60,34
8411273,1,2805
8411274,2,76
8411274,3,84
8411274,4,23
8411274,5,92
8411274,6,66
8411274,7,81
8411274,8,39
8411274,9,79
8411274,10,16
8411274,11,26
8411274,12,69
8411274,13,81
8411274,14,4
8411274,15,29
8411274,16,63
8411274,17,69
8411274,18,98
8411274,19,5
8411274,20,67
8411274,21,83
8411274,22,15
8411274,23,48
8411274,24,87
8411274,25,8
8411274,26,12
8411274,27,69
8411274,28,61
8411274,29,48
8411274,30,75
8411274,31,56
8411274,32,80
8411274,33,23
8411274,34,76
8411274,35,84
8411274,36,52
8411274,37,8
8411274,38,72
8411274,39,100
8411274,40,85
8411274,41,93
8411274,42,5
8411274,43,30
8411274,44,92
8411274,45,94
8411274,46,96
8411274,48,41
8411274,49,61
8411274,50,26
8411274,51,67
8411274,52,2
8411274,53,19
8411274,54,72
8411274,55,72
8411274,56,65
8411274,58,18
8411274,59,44
8411274,60,69
8411274,1,3175
8411275,2,97
8411275,3,11
8411275,4,33
8411275,5,80
8411275,6,59
8411275,7,47
8411275,8,3
8411275,9,85
8411275,10,59
8411275,11,32
8411275,12,60
8411275,13,60
8411275,14,99
8411275,15,10
8411275,16,26
8411275,17,6
8411275,18,33
8411275,19,73
8411275,20,78
8411275,21,12
8411275,22,16
8411275,23,45
8411275,24,22
8411275,25,33
8411275,26,76
8411275,27,3
8411275,28,29
8411275,29,11
8411275,30,63
8411275,31,39
8411275,32,18
8411275,33,24
8411275,34,26
8411275,35,84
8411275,36,7
8411275,37,97
8411275,38,100
8411275,39,75
8411275,40,38
8411275,41,96
8411275,42,58
8411275,43,23
8411275,44,53
8411275,45,6
8411275,46,67
8411275,48,38
8411275,49,70
8411275,50,49
8411275,51,55
8411275,52,55
8411275,53,3
8411275,54,61
8411275,55,64
8411275,56,79
8411275,58,41
8411275,59,47
8411275,60,23
8411275,1,2657
8411276,2,8
8411276,3,77
8411276,4,10
8411276,5,35
8411276,6,82
8411276,7,74
8411276,8,72
8411276,9,11
8411276,10,29
8411276,11,9
8411276,12,11
8411276,13,97
8411276,14,78
8411276,15,29
8411276,16,88
8411276,17,77
8411276,18,10
8411276,19,75
8411276,20,42
8411276,21,17
8411276,22,10
8411276,23,86
8411276,24,39
8411276,25,75
8411276,26,84
8411276,27,21
8411276,28,75
8411276,29,8
8411276,30,82
8411276,31,46
8411276,32,55
8411276,33,32
8411276,34,84
8411276,35,92
8411276,36,93
8411276,37,1
8411276,38,82
8411276,39,57
8411276,40,48
8411276,41,39
8411276,42,36
8411276,43,25
8411276,44,6
8411276,45,99
8411276,46,78
8411276,48,87
8411276,49,39
8411276,50,65
8411276,51,98
8411276,52,2
8411276,53,37
8411276,54,50
8411276,55,59
8411276,56,55
8411276,58,72
8411276,59,64
8411276,60,4
8411276,1,2916
8411277,2,96
8411277,3,23
8411277,4,57
8411277,5,95
8411277,6,82
8411277,7,92
8411277,8,85
8411277,9,75
8411277,10,33
8411277,11,74
8411277,12,73
8411277,13,43
8411277,14,5
8411277,15,8
8411277,16,77
8411277,17,47
8411277,18,66
8411277,19,2
8411277,20,61
8411277,21,71
8411277,22,79
8411277,23,83
8411277,24,24
8411277,25,49
8411277,26,59
8411277,27,95
8411277,28,89
8411277,29,27
8411277,30,71
8411277,31,93
8411277,32,84
8411277,33,82
8411277,34,21
8411277,35,12
8411277,36,27
8411277,37,19
8411277,38,59
8411277,39,24
8411277,40,20
8411277,41,97
8411277,42,81
8411277,43,90
8411277,44,16
8411277,45,40
8411277,46,89
8411277,48,17
8411277,49,17
8411277,50,92
8411277,51,88
8411277,52,47
8411277,53,57
8411277,54,67
8411277,55,39
8411277,56,25
8411277,58,40
8411277,59,3
8411277,60,71
8411277,1,3158
8411278,2,29
8411278,3,57
8411278,4,41
8411278,5,87
8411278,6,9
8411278,7,96
8411278,8,27
8411278,9,36
8411278,10,65
8411278,11,92
8411278,12,57
8411278,13,66
8411278,14,9
8411278,15,68
8411278,16,39
8411278,17,42
8411278,18,67
8411278,19,98
8411278,20,10
8411278,21,41
8411278,22,5
8411278,23,20
8411278,24,38
8411278,25,23
8411278,26,36
8411278,27,68
8411278,28,33
8411278,29,83
8411278,30,48
8411278,31,66
8411278,32,100
8411278,33,75
8411278,34,45
8411278,35,19
8411278,36,6
8411278,37,45
8411278,38,7
8411278,39,67
8411278,40,97
8411278,41,73
8411278,42,8
8411278,43,73
8411278,44,45
8411278,45,22
8411278,46,23
8411278,48,97
8411278,49,13
8411278,50,65
8411278,51,90
8411278,52,84
8411278,53,34
8411278,54,98
8411278,55,55
8411278,56,86
8411278,58,98
8411278,59,83
8411278,60,97
8411278,1,3061
8411279,2,88
8411279,3,42
8411279,4,23
8411279,5,26
8411279,6,9
8411279,7,15
8411279,8,40
8411279,9,94
8411279,10,39
8411279,11,74
8411279,12,37
8411279,13,59
8411279,14,39
8411279,15,61
8411279,16,5
8411279,17,28
8411279,18,62
8411279,19,81
8411279,20,94
8411279,21,67
8411279,22,38
8411279,23,87
8411279,24,3
8411279,25,31
8411279,26,44
8411279,27,72
8411279,28,98
8411279,29,63
8411279,30,44
8411279,31,22
8411279,32,13
8411279,33,27
8411279,34,21
8411279,35,88
8411279,36,58
8411279,37,91
8411279,38,16
8411279,39,86
8411279,40,40
8411279,41,78
8411279,42,8
8411279,43,50
8411279,44,53
8411279,45,31
8411279,46,14
8411279,48,19
8411279,49,28
8411279,50,7
8411279,51,1
8411279,52,48
8411279,53,28
8411279,54,74
8411279,55,78
8411279,56,23
8411279,58,26
8411279,59,50
8411279,60,97
8411279,1,2638
8411280,2,59
8411280,3,19
8411280,4,9
8411280,5,48
8411280,6,54
8411280,7,99
8411280,8,93
8411280,9,67
8411280,10,95
8411280,11,90
8411280,12,37
8411280,13,65
8411280,14,10
8411280,15,50
8411280,16,33
8411280,17,38
8411280,18,83
8411280,19,82
8411280,20,4
8411280,21,29
8411280,22,64
8411280,23,7
8411280,24,84
8411280,25,32
8411280,26,67
8411280,27,76
8411280,28,13
8411280,29,78
8411280,30,31
8411280,31,61
8411280,32,94
8411280,33,28
8411280,34,15
8411280,35,25
8411280,36,48
8411280,37,58
8411280,38,58
8411280,39,23
8411280,40,89
8411280,41,50
8411280,42,98
8411280,43,100
8411280,44,24
8411280,45,63
8411280,46,45
8411280,48,29
8411280,49,52
8411280,50,47
8411280,51,40
8411280,52,68
8411280,53,63
8411280,54,63
8411280,55,82
8411280,56,33
8411280,58,63
8411280,59,96
8411280,60,73
8411280,1,3104
8411281,2,52
8411281,3,67
8411281,4,71
8411281,5,38
8411281,6,85
8411281,7,96
8411281,8,92
8411281,9,72
8411281,10,65
8411281,11,100
8411281,12,32
8411281,13,31
8411281,14,65
8411281,15,67
8411281,16,100
8411281,17,28
8411281,18,45
8411281,19,35
8411281,20,78
8411281,21,25
8411281,22,93
8411281,23,26
8411281,24,100
8411281,25,64
8411281,26,69
8411281,27,30
8411281,28,12
8411281,29,24
8411281,30,7
8411281,31,43
8411281,32,84
8411281,33,65
8411281,34,46
8411281,35,52
8411281,36,42
8411281,37,40
8411281,38,21
8411281,39,71
8411281,40,9
8411281,41,69
8411281,42,84
8411281,43,66
8411281,44,12
8411281,45,15
8411281,46,10
8411281,48,43
8411281,49,19
8411281,50,94
8411281,51,33
8411281,52,6
8411281,53,8
8411281,54,100
8411281,55,17
8411281,56,43
8411281,58,38
8411281,59,22
8411281,60,92
8411281,1,2913
8411282,2,94
8411282,3,100
8411282,4,76
8411282,5,20
8411282,6,78
8411282,7,50
8411282,8,61
8411282,9,25
8411282,10,7
8411282,11,63
8411282,12,42
8411282,13,14
8411282,14,85
8411282,15,67
8411282,16,82
8411282,17,27
8411282,18,44
8411282,19,45
8411282,20,37
8411282,21,82
8411282,22,59
8411282,23,26
8411282,24,74
8411282,25,88
8411282,26,55
8411282,27,46
8411282,28,43
8411282,29,57
8411282,30,67
8411282,31,18
8411282,32,3
8411282,33,74
8411282,34,93
8411282,35,40
8411282,36,100
8411282,37,66
8411282,38,5
8411282,39,88
8411282,40,38
8411282,41,2
8411282,42,93
8411282,43,36
8411282,44,73
8411282,45,79
8411282,46,37
8411282,48,49
8411282,49,11
8411282,50,15
8411282,51,1
8411282,52,97
8411282,53,9
8411282,54,4
8411282,55,42
8411282,56,28
8411282,58,74
8411282,59,32
8411282,60,60
8411282,1,2881
8411283,2,9
8411283,3,42
8411283,4,25
8411283,5,74
8411283,6,45
8411283,7,74
8411283,8,35
8411283,9,70
8411283,10,27
8411283,11,48
8411283,12,26
8411283,13,35
8411283,14,47
8411283,15,67
8411283,16,55
8411283,17,84
8411283,18,5
8411283,19,59
8411283,20,29
8411283,21,22
8411283,22,69
8411283,23,93
8411283,24,95
8411283,25,3
8411283,26,11
8411283,27,41
8411283,28,97
8411283,29,17
8411283,30,37
8411283,31,57
8411283,32,9
8411283,33,13
8411283,34,90
8411283,35,88
8411283,36,53
8411283,37,18
8411283,38,63
8411283,39,46
8411283,40,80
8411283,41,15
8411283,42,5
8411283,43,38
8411283,44,27
8411283,45,44
8411283,46,92
8411283,48,46
8411283,49,1
8411283,50,82
8411283,51,7
8411283,52,7
8411283,53,94
8411283,54,66
8411283,55,19
8411283,56,15
8411283,58,17
8411283,59,93
8411283,60,25
8411283,1,2551
8411284,2,72
8411284,3,89
8411284,4,88
8411284,5,92
8411284,6,72
8411284,7,61
8411284,8,20
8411284,9,61
8411284,10,48
8411284,11,83
8411284,12,90
8411284,13,47
8411284,14,97
8411284,15,80
8411284,16,71
8411284,17,78
8411284,18,64
8411284,19,92
8411284,20,89
8411284,21,17
8411284,22,25
8411284,23,83
8411284,24,80
8411284,25,98
8411284,26,41
8411284,27,5
8411284,28,97
8411284,29,71
8411284,30,93
8411284,31,65
8411284,32,64
8411284,33,68
8411284,34,15
8411284,35,90
8411284,36,66
8411284,37,42
8411284,38,82
8411284,39,17
8411284,40,29
8411284,41,53
8411284,42,58
8411284,43,25
8411284,44,94
8411284,45,59
8411284,46,2
8411284,48,74
8411284,49,28
8411284,50,52
8411284,51,87
8411284,52,100
8411284,53,51
8411284,54,63
8411284,55,8
8411284,56,55
8411284,58,93
8411284,59,1
8411284,60,7
8411284,1,3452
8411285,2,95
8411285,3,32
8411285,4,57
8411285,5,37
8411285,6,40
8411285,7,66
8411285,8,17
8411285,9,69
8411285,10,49
8411285,11,91
8411285,12,52
8411285,13,6
8411285,14,17
8411285,15,47
8411285,16,69
8411285,17,68
8411285,18,25
8411285,19,3
8411285,20,15
8411285,21,53
8411285,22,11
8411285,23,87
8411285,24,31
8411285,25,17
8411285,26,81
8411285,27,60
8411285,28,33
8411285,29,53
8411285,30,50
8411285,31,56
8411285,32,9
8411285,33,36
8411285,34,66
8411285,35,99
8411285,36,93
8411285,37,52
8411285,38,20
8411285,39,82
8411285,40,57
8411285,41,49
8411285,42,40
8411285,43,59
8411285,44,45
8411285,45,34
8411285,46,89
8411285,48,11
8411285,49,74
8411285,50,28
8411285,51,44
8411285,52,47
8411285,53,26
8411285,54,98
8411285,55,3
8411285,56,88
8411285,58,70
8411285,59,66
8411285,60,26
8411285,1,2798
8411286,2,67
8411286,3,94
8411286,4,35
8411286,5,84
8411286,6,57
8411286,7,79
8411286,8,77
8411286,9,100
8411286,10,32
8411286,11,14
8411286,12,100
8411286,13,17
8411286,14,1
8411286,15,12
8411286,16,62
8411286,17,20
8411286,18,39
8411286,19,75
8411286,20,75
8411286,21,56
8411286,22,65
8411286,23,22
8411286,24,78
8411286,25,27
8411286,26,31
8411286,27,23
8411286,28,36
8411286,29,64
8411286,30,27
8411286,31,3
8411286,32,65
8411286,33,89
8411286,34,39
8411286,35,62
8411286,36,57
8411286,37,65
8411286,38,26
8411286,39,16
8411286,40,63
8411286,41,11
8411286,42,58
8411286,43,40
8411286,44,96
8411286,45,49
8411286,46,39
8411286,48,38
8411286,49,64
8411286,50,98
8411286,51,57
8411286,52,77
8411286,53,44
8411286,54,72
8411286,55,54
8411286,56,82
8411286,58,5
8411286,59,81
8411286,60,68
8411286,1,2987
8411287,2,93
8411287,3,4
8411287,4,6
8411287,5,59
8411287,6,11
8411287,7,10
8411287,8,50
8411287,9,47
8411287,10,98
8411287,11,97
8411287,12,55
8411287,13,85
8411287,14,87
8411287,15,71
8411287,16,27
8411287,17,23
8411287,18,6
8411287,19,84
8411287,20,64
8411287,21,91
8411287,22,2
8411287,23,13
8411287,24,82
8411287,25,29
8411287,26,82
8411287,27,99
8411287,28,84
8411287,29,24
8411287,30,64
8411287,31,85
8411287,32,40
8411287,33,16
8411287,34,18
8411287,35,10
8411287,36,6
8411287,37,11
8411287,38,45
8411287,39,10
8411287,40,10
8411287,41,90
8411287,42,93
8411287,43,51
8411287,44,62
8411287,45,67
8411287,46,73
8411287,48,89
8411287,49,76
8411287,50,81
8411287,51,78
8411287,52,54
8411287,53,47
8411287,54,71
8411287,55,24
8411287,56,40
8411287,58,42
8411287,59,84
8411287,60,12
8411287,1,2932
8411288,2,97
8411288,3,75
8411288,4,19
8411288,5,61
8411288,6,2
8411288,7,38
8411288,8,56
8411288,9,69
8411288,10,23
8411288,11,86
8411288,12,24
8411288,13,45
8411288,14,84
8411288,15,61
8411288,16,59
8411288,17,91
8411288,18,55
8411288,19,95
8411288,20,7
8411288,21,96
8411288,22,39
8411288,23,63
8411288,24,14
8411288,25,50
8411288,26,44
8411288,27,91
8411288,28,31
8411288,29,50
8411288,30,67
8411288,31,89
8411288,32,37
8411288,33,40
8411288,34,54
8411288,35,86
8411288,36,29
8411288,37,78
8411288,38,72
8411288,39,55
8411288,40,8
8411288,41,16
8411288,42,76
8411288,43,63
8411288,44,78
8411288,45,19
8411288,46,35
8411288,48,58
8411288,49,39
8411288,50,68
8411288,51,61
8411288,52,64
8411288,53,35
8411288,54,28
8411288,55,17
8411288,56,10
8411288,58,66
8411288,59,78
8411288,60,78
8411288,1,3029
8411289,2,6
8411289,3,43
8411289,4,8
8411289,5,24
8411289,6,44
8411289,7,11
8411289,8,48
8411289,9,87
8411289,10,17
8411289,11,4
8411289,12,57
8411289,13,49
8411289,14,42
8411289,15,64
8411289,16,98
8411289,17,6
8411289,18,16
8411289,19,92
8411289,20,94
8411289,21,30
8411289,22,50
8411289,23,95
8411289,24,87
8411289,25,32
8411289,26,71
8411289,27,72
8411289,28,87
8411289,29,17
8411289,30,99
8411289,31,6
8411289,32,55
8411289,33,78
8411289,34,12
8411289,35,70
8411289,36,85
8411289,37,59
8411289,38,42
8411289,39,18
8411289,40,90
8411289,41,41
8411289,42,76
8411289,43,96
8411289,44,62
8411289,45,48
8411289,46,2
8411289,48,86
8411289,49,76
8411289,50,92
8411289,51,37
8411289,52,50
8411289,53,88
8411289,54,62
8411289,55,2
8411289,56,94
8411289,58,80
8411289,59,24
8411289,60,58
8411289,1,3039
8411290,2,69
8411290,3,77
8411290,4,56
8411290,5,27
8411290,6,70
8411290,7,80
8411290,8,18
8411290,9,40
8411290,10,9
8411290,11,69
8411290,12,23
8411290,13,22
8411290,14,91
8411290,15,66
8411290,16,76
8411290,17,23
8411290,18,17
8411290,19,37
8411290,20,87
8411290,21,18
8411290,22,25
8411290,23,21
8411290,24,16
8411290,25,54
8411290,26,81
8411290,27,73
8411290,28,40
8411290,29,92
8411290,30,55
8411290,31,62
8411290,32,22
8411290,33,59
8411290,34,80
8411290,35,69
8411290,36,54
8411290,37,77
8411290,38,57
8411290,39,57
8411290,40,56
8411290,41,8
8411290,42,85
8411290,43,94
8411290,44,80
8411290,45,25
8411290,46,98
8411290,48,37
8411290,49,30
8411290,50,4
8411290,51,38
8411290,52,5
8411290,53,58
8411290,54,94
8411290,55,62
8411290,56,22
8411290,58,26
8411290,59,68
8411290,60,95
8411290,1,2954
8411291,2,61
8411291,3,84
8411291,4,9
8411291,5,95
8411291,6,57
8411291,7,6
8411291,8,25
8411291,9,70
8411291,10,23
8411291,11,47
8411291,12,8
8411291,13,71
8411291,14,82
8411291,15,51
8411291,16,86
8411291,17,93
8411291,18,82
8411291,19,58
8411291,20,85
8411291,21,6
8411291,22,32
8411291,23,81
8411291,24,23
8411291,25,18
8411291,26,34
8411291,27,1
8411291,28,79
8411291,29,27
8411291,30,68
8411291,31,35
8411291,32,87
8411291,33,2
8411291,34,100
8411291,35,80
8411291,36,74
8411291,37,21
8411291,38,38
8411291,39,87
8411291,40,44
8411291,41,72
8411291,42,79
8411291,43,4
8411291,44,13
8411291,45,88
8411291,46,36
8411291,48,94
8411291,49,96
8411291,50,53
8411291,51,74
8411291,52,71
8411291,53,8
8411291,54,100
8411291,55,56
8411291,56,36
8411291,58,76
8411291,59,25
8411291,60,24
8411291,1,3035
8411292,2,81
8411292,3,90
8411292,4,71
8411292,5,38
8411292,6,88
8411292,7,72
8411292,8,69
8411292,9,96
8411292,10,67
8411292,11,41
8411292,12,8
8411292,13,50
8411292,14,59
8411292,15,99
8411292,16,31
8411292,17,93
8411292,18,67
8411292,19,31
8411292,20,87
8411292,21,6
8411292,22,20
8411292,23,50
8411292,24,80
8411292,25,52
8411292,26,12
8411292,27,98
8411292,28,38
8411292,29,32
8411292,30,11
8411292,31,74
8411292,32,99
8411292,33,76
8411292,34,7
8411292,35,48
8411292,36,75
8411292,37,11
8411292,38,50
8411292,39,24
8411292,40,40
8411292,41,53
8411292,42,10
8411292,43,60
8411292,44,96
8411292,45,86
8411292,46,71
8411292,48,79
8411292,49,23
8411292,50,47
8411292,51,67
8411292,52,58
8411292,53,12
8411292,54,12
8411292,55,53
8411292,56,86
8411292,58,93
8411292,59,35
8411292,60,5
8411292,1,3087
8411293,2,45
8411293,3,35
8411293,4,40
8411293,5,24
8411293,6,48
8411293,7,31
8411293,8,20
8411293,9,1
8411293,10,20
8411293,11,99
8411293,12,71
8411293,13,26
8411293,14,52
8411293,15,94
8411293,16,50
8411293,17,26
8411293,18,47
8411293,19,94
8411293,20,5
8411293,21,18
8411293,22,91
8411293,23,62
8411293,24,99
8411293,25,36
8411293,26,19
8411293,27,42
8411293,28,86
8411293,29,91
8411293,30,56
8411293,31,31
8411293,32,49
8411293,33,76
8411293,34,5
8411293,35,84
8411293,36,70
8411293,37,2
8411293,38,1
8411293,39,90
8411293,40,45
8411293,41,56
8411293,42,38
8411293,43,33
8411293,44,30
8411293,45,72
8411293,46,35
8411293,48,7
8411293,49,98
8411293,50,78
8411293,51,95
8411293,52,57
8411293,53,16
8411293,54,57
8411293,55,76
8411293,56,41
8411293,58,73
8411293,59,43
8411293,60,86
8411293,1,2872
8411294,2,77
8411294,3,71
8411294,4,61
8411294,5,1
8411294,6,28
8411294,7,25
8411294,8,92
8411294,9,51
8411294,10,2
8411294,11,94
8411294,12,61
8411294,13,29
8411294,14,47
8411294,15,53
8411294,16,84
8411294,17,40
8411294,18,51
8411294,19,4
8411294,20,67
8411294,21,23
8411294,22,85
8411294,23,26
8411294,24,8
8411294,25,82
8411294,26,7
8411294,27,5
8411294,28,7
8411294,29,86
8411294,30,100
8411294,31,99
8411294,32,14
8411294,33,89
8411294,34,47
8411294,35,9
8411294,36,68
8411294,37,39
8411294,38,33
8411294,39,45
8411294,40,75
8411294,41,9
8411294,42,48
8411294,43,68
8411294,44,26
8411294,45,43
8411294,46,21
8411294,48,41
8411294,49,15
8411294,50,69
8411294,51,64
8411294,52,84
8411294,53,31
8411294,54,46
8411294,55,44
8411294,56,28
8411294,58,26
8411294,59,22
8411294,60,23
8411294,1,2593
8411295,2,11
8411295,3,78
8411295,4,4
8411295,5,14
8411295,6,71
8411295,7,27
8411295,8,73
8411295,9,3
8411295,10,45
8411295,11,10
8411295,12,56
8411295,13,7
8411295,14,21
8411295,15,45
8411295,16,15
8411295,17,52
8411295,18,76
8411295,19,94
8411295,20,12
8411295,21,49
8411295,22,42
8411295,23,77
8411295,24,29
8411295,25,86
8411295,26,45
8411295,27,97
8411295,28,82
8411295,29,94
8411295,30,22
8411295,31,54
8411295,32,79
8411295,33,60
8411295,34,41
8411295,35,86
8411295,36,9
8411295,37,2
8411295,38,4
8411295,39,79
8411295,40,58
8411295,41,43
8411295,42,17
8411295,43,18
8411295,44,49
8411295,45,63
8411295,46,30
8411295,48,100
8411295,49,67
8411295,50,16
8411295,51,89
8411295,52,85
8411295,53,56
8411295,54,60
8411295,55,76
8411295,56,48
8411295,58,46
8411295,59,5
8411295,60,45
8411295,1,2722
8411296,2,86
8411296,3,26
8411296,4,38
8411296,5,8
8411296,6,21
8411296,7,95
8411296,8,33
8411296,9,66
8411296,10,40
8411296,11,96
8411296,12,64
8411296,13,71
8411296,14,17
8411296,15,70
8411296,16,85
8411296,17,4
8411296,18,77
8411296,19,35
8411296,20,27
8411296,21,48
8411296,22,75
8411296,23,54
8411296,24,44
8411296,25,28
8411296,26,72
8411296,27,53
8411296,28,63
8411296,29,95
8411296,30,54
8411296,31,92
8411296,32,58
8411296,33,44
8411296,34,23
8411296,35,57
8411296,36,17
8411296,37,40
8411296,38,97
8411296,39,32
8411296,40,22
8411296,41,23
8411296,42,14
8411296,43,91
8411296,44,27
8411296,45,69
8411296,46,42
8411296,48,13
8411296,49,16
8411296,50,29
8411296,51,36
8411296,52,66
8411296,53,84
8411296,54,68
8411296,55,25
8411296,56,97
8411296,58,41
8411296,59,25
8411296,60,87
8411296,1,2880
8411297,2,50
8411297,3,24
8411297,4,22
8411297,5,76
8411297,6,74
8411297,7,99
8411297,8,32
8411297,9,30
8411297,10,14
8411297,11,53
8411297,12,49
8411297,13,25
8411297,14,70
8411297,15,5
8411297,16,48
8411297,17,99
8411297,18,1
8411297,19,23
8411297,20,15
8411297,21,75
8411297,22,64
8411297,23,66
8411297,24,87
8411297,25,93
8411297,26,21
8411297,27,28
8411297,28,83
8411297,29,49
8411297,30,21
8411297,31,95
8411297,32,78
8411297,33,64
8411297,34,18
8411297,35,69
8411297,36,34
8411297,37,6
8411297,38,70
8411297,39,36
8411297,40,96
8411297,41,60
8411297,42,76
8411297,43,61
8411297,44,87
8411297,45,35
8411297,46,19
8411297,48,57
8411297,49,96
8411297,50,11
8411297,51,47
8411297,52,42
8411297,53,18
8411297,54,78
8411297,55,11
8411297,56,66
8411297,58,34
8411297,59,87
8411297,60,5
8411297,1,2852
8411298,2,82
8411298,3,50
8411298,4,57
8411298,5,83
8411298,6,38
8411298,7,74
8411298,8,20
8411298,9,56
8411298,10,100
8411298,11,86
8411298,12,97
8411298,13,5
8411298,14,7
8411298,15,91
8411298,16,58
8411298,17,57
8411298,18,4
8411298,19,76
8411298,20,87
8411298,21,26
8411298,22,18
8411298,23,78
8411298,24,62
8411298,25,44
8411298,26,65
8411298,27,21
8411298,28,44
8411298,29,79
8411298,30,68
8411298,31,37
8411298,32,100
8411298,33,82
8411298,34,31
8411298,35,71
8411298,36,99
8411298,37,42
8411298,38,82
8411298,39,37
8411298,40,5
8411298,41,83
8411298,42,52
8411298,43,44
8411298,44,21
8411298,45,38
8411298,46,15
8411298,48,67
8411298,49,74
8411298,50,49
8411298,51,71
8411298,52,52
8411298,53,21
8411298,54,61
8411298,55,64
8411298,56,50
8411298,58,18
8411298,59,81
8411298,60,90
8411298,1,3170
8411299,2,77
8411299,3,66
8411299,4,51
8411299,5,15
8411299,6,80
8411299,7,52
8411299,8,23
8411299,9,70
8411299,10,44
8411299,11,82
8411299,12,93
8411299,13,69
8411299,14,31
8411299,15,23
8411299,16,50
8411299,17,81
8411299,18,11
8411299,19,24
8411299,20,59
8411299,21,59
8411299,22,54
8411299,23,33
8411299,24,91
8411299,25,61
8411299,26,50
8411299,27,60
8411299,28,86
8411299,29,95
8411299,30,62
8411299,31,26
8411299,32,37
8411299,33,92
8411299,34,42
8411299,35,17
8411299,36,76
8411299,37,8
8411299,38,38
8411299,39,47
8411299,40,47
8411299,41,98
8411299,42,64
8411299,43,10
8411299,44,7
8411299,45,66
8411299,46,83
8411299,48,98
8411299,49,25
8411299,50,58
8411299,51,55
8411299,52,55
8411299,53,97
8411299,54,82
8411299,55,81
8411299,56,42
8411299,58,100
8411299,59,36
8411299,60,43
8411299,1,3182
8411300,2,65
8411300,3,90
8411300,4,95
8411300,5,82
8411300,6,17
8411300,7,27
8411300,8,62
8411300,9,53
8411300,10,63
8411300,11,47
8411300,12,70
8411300,13,42
8411300,14,38
8411300,15,69
8411300,16,38
8411300,17,91
8411300,18,68
8411300,19,45
8411300,20,7
8411300,21,58
8411300,22,5
8411300,23,21
8411300,24,51
8411300,25,17
8411300,26,58
8411300,27,55
8411300,28,37
8411300,29,46
8411300,30,11
8411300,31,95
8411300,32,40
8411300,33,37
8411300,34,28
8411300,35,72
8411300,36,38
8411300,37,94
8411300,38,5
8411300,39,30
8411300,40,64
8411300,41,25
8411300,42,34
8411300,43,74
8411300,44,11
8411300,45,46
8411300,46,53
8411300,48,84
8411300,49,4
8411300,50,17
8411300,51,79
8411300,52,98
8411300,53,54
8411300,54,99
8411300,55,50
8411300,56,76
8411300,58,89
8411300,59,44
8411300,60,47
8411300,1,2915
8411301,2,23
8411301,3,17
8411301,4,88
8411301,5,6
8411301,6,52
8411301,7,25
8411301,8,1
8411301,9,9
8411301,10,32
8411301,11,66
8411301,12,51
8411301,13,48
8411301,14,68
8411301,15,8
8411301,16,86
8411301,17,20
8411301,18,67
8411301,19,52
8411301,20,67
8411301,21,84
8411301,22,65
8411301,23,43
8411301,24,81
8411301,25,93
8411301,26,64
8411301,27,80
8411301,28,97
8411301,29,42
8411301,30,90
8411301,31,65
8411301,32,91
8411301,33,71
8411301,34,51
8411301,35,73
8411301,36,70
8411301,37,91
8411301,38,72
8411301,39,34
8411301,40,95
8411301,41,73
8411301,42,80
8411301,43,55
8411301,44,66
8411301,45,45
8411301,46,11
8411301,48,40
8411301,49,3
8411301,50,71
8411301,51,81
8411301,52,1
8411301,53,80
8411301,54,64
8411301,55,14
8411301,56,72
8411301,58,56
8411301,59,38
8411301,60,14
8411301,1,3102
8411302,2,15
8411302,3,10
8411302,4,99
8411302,5,55
8411302,6,71
8411302,7,62
8411302,8,68
8411302,9,34
8411302,10,47
8411302,11,79
8411302,12,83
8411302,13,9
8411302,14,26
8411302,15,14
8411302,16,74
8411302,17,14
8411302,18,98
8411302,19,83
8411302,20,70
8411302,21,90
8411302,22,49
8411302,23,26
8411302,24,60
8411302,25,69
8411302,26,65
8411302,27,5
8411302,28,78
8411302,29,94
8411302,30,22
8411302,31,93
8411302,32,96
8411302,33,87
8411302,34,93
8411302,35,68
8411302,36,97
8411302,37,9
8411302,38,87
8411302,39,58
8411302,40,61
8411302,41,98
8411302,42,69
8411302,43,78
8411302,44,70
8411302,45,24
8411302,46,84
8411302,48,16
8411302,49,8
8411302,50,96
8411302,51,6
8411302,52,2
8411302,53,65
8411302,54,100
8411302,55,76
8411302,56,95
8411302,58,73
8411302,59,75
8411302,60,87
8411302,1,3440
8411303,2,34
8411303,3,85
8411303,4,57
8411303,5,76
8411303,6,93
8411303,7,96
8411303,8,34
8411303,9,23
8411303,10,47
8411303,11,12
8411303,12,97
8411303,13,74
8411303,14,93
8411303,15,77
8411303,16,24
8411303,17,51
8411303,18,49
8411303,19,67
8411303,20,48
8411303,21,39
8411303,22,50
8411303,23,75
8411303,24,65
8411303,25,78
8411303,26,8
8411303,27,27
8411303,28,67
8411303,29,63
8411303,30,11
8411303,31,57
8411303,32,41
8411303,33,64
8411303,34,1
8411303,35,8
8411303,36,3
8411303,37,97
8411303,38,18
8411303,39,45
8411303,40,68
8411303,41,11
8411303,42,4
8411303,43,51
8411303,44,25
8411303,45,4
8411303,46,69
8411303,48,28
8411303,49,97
8411303,50,5
8411303,51,65
8411303,52,83
8411303,53,43
8411303,54,73
8411303,55,79
8411303,56,71
8411303,58,67
8411303,59,95
8411303,60,61
8411303,1,2953
8411304,2,27
8411304,3,78
8411304,4,36
8411304,5,91
8411304,6,82
8411304,7,83
8411304,8,49
8411304,9,91
8411304,10,37
8411304,11,18
8411304,12,24
8411304,13,48
8411304,14,75
8411304,15,9
8411304,16,43
8411304,17,6
8411304,18,23
8411304,19,16
8411304,20,49
8411304,21,47
8411304,22,19
8411304,23,54
8411304,24,54
8411304,25,57
8411304,26,33
8411304,27,32
8411304,28,9
8411304,29,72
8411304,30,58
8411304,31,37
8411304,32,54
8411304,33,1
8411304,34,18
8411304,35,26
8411304,36,74
8411304,37,31
8411304,38,90
8411304,39,25
8411304,40,47
8411304,41,63
8411304,42,16
8411304,43,47
8411304,44,50
8411304,45,44
8411304,46,11
8411304,48,70
8411304,49,31
8411304,50,81
8411304,51,32
8411304,52,12
8411304,53,69
8411304,54,42
8411304,55,79
8411304,56,75
8411304,58,51
8411304,59,16
8411304,60,69
8411304,1,2581
8411305,2,64
8411305,3,5
8411305,4,96
8411305,5,59
8411305,6,31
8411305,7,35
8411305,8,20
8411305,9,100
8411305,10,5
8411305,11,38
8411305,12,52
8411305,13,2
8411305,14,34
8411305,15,80
8411305,16,74
8411305,17,73
8411305,18,65
8411305,19,5
8411305,20,81
8411305,21,90
8411305,22,99
8411305,23,85
8411305,24,6
8411305,25,44
8411305,26,31
8411305,27,63
8411305,28,100
8411305,29,25
8411305,30,47
8411305,31,52
8411305,32,80
8411305,33,51
8411305,34,93
8411305,35,97
8411305,36,26
8411305,37,63
8411305,38,92
8411305,39,88
8411305,40,59
8411305,41,55
8411305,42,81
8411305,43,6
8411305,44,24
8411305,45,25
8411305,46,44
8411305,48,57
8411305,49,47
8411305,50,16
8411305,51,83
8411305,52,66
8411305,53,93
8411305,54,11
8411305,55,37
8411305,56,50
8411305,58,16
8411305,59,12
8411305,60,87
8411305,1,3020
8411306,2,50
8411306,3,12
8411306,4,27
8411306,5,35
8411306,6,52
8411306,7,45
8411306,8,82
8411306,9,79
8411306,10,91
8411306,11,8
8411306,12,59
8411306,13,28
8411306,14,36
8411306,15,10
8411306,16,53
8411306,17,66
8411306,18,65
8411306,19,6
8411306,20,97
8411306,21,64
8411306,22,18
8411306,23,82
8411306,24,25
8411306,25,36
8411306,26,94
8411306,27,91
8411306,28,56
8411306,29,31
8411306,30,36
8411306,31,86
8411306,32,42
8411306,33,24
8411306,34,90
8411306,35,23
8411306,36,28
8411306,37,60
8411306,38,60
8411306,39,2
8411306,40,54
8411306,41,58
8411306,42,55
8411306,43,36
8411306,44,24
8411306,45,57
8411306,46,23
8411306,48,22
8411306,49,74
8411306,50,18
8411306,51,90
8411306,52,72
8411306,53,46
8411306,54,11
8411306,55,40
8411306,56,55
8411306,58,37
8411306,59,90
8411306,60,24
8411306,1,2735
8411307,2,19
8411307,3,20
8411307,4,58
8411307,5,24
8411307,6,94
8411307,7,87
8411307,8,44
8411307,9,66
8411307,10,9
8411307,11,65
8411307,12,78
8411307,13,36
8411307,14,84
8411307,15,55
8411307,16,24
8411307,17,50
8411307,18,84
8411307,19,17
8411307,20,20
8411307,21,41
8411307,22,17
8411307,23,40
8411307,24,93
8411307,25,30
8411307,26,26
8411307,27,15
8411307,28,37
8411307,29,48
8411307,30,72
8411307,31,1
8411307,32,4
8411307,33,86
8411307,34,27
8411307,35,30
8411307,36,75
8411307,37,92
8411307,38,99
8411307,39,33
8411307,40,65
8411307,41,43
8411307,42,11
8411307,43,6
8411307,44,90
8411307,45,41
8411307,46,81
8411307,48,52
8411307,49,33
8411307,50,58
8411307,51,93
8411307,52,36
8411307,53,40
8411307,54,62
8411307,55,86
8411307,56,71
8411307,58,71
8411307,59,34
8411307,60,82
8411307,1,2855
8411308,2,13
8411308,3,23
8411308,4,80
8411308,5,77
8411308,6,9
8411308,7,83
8411308,8,21
8411308,9,82
8411308,10,68
8411308,11,97
8411308,12,9
8411308,13,95
8411308,14,6
8411308,15,75
8411308,16,99
8411308,17,25
8411308,18,64
8411308,19,73
8411308,20,44
8411308,21,6
8411308,22,6
8411308,23,75
8411308,24,3
8411308,25,90
8411308,26,52
8411308,27,87
8411308,28,13
8411308,29,38
8411308,30,80
8411308,31,12
8411308,32,77
8411308,33,75
8411308,34,32
8411308,35,26
8411308,36,7
8411308,37,60
8411308,38,59
8411308,39,10
8411308,40,11
8411308,41,93
8411308,42,3
8411308,43,22
8411308,44,26
8411308,45,75
8411308,46,16
8411308,48,96
8411308,49,58
8411308,50,30
8411308,51,46
8411308,52,80
8411308,53,56
8411308,54,100
8411308,55,84
8411308,56,3
8411308,58,45
8411308,59,58
8411308,60,96
8411308,1,2849
8411309,2,57
8411309,3,50
8411309,4,16
8411309,5,57
8411309,6,17
8411309,7,59
8411309,8,1
8411309,9,82
8411309,10,27
8411309,11,87
8411309,12,30
8411309,13,27
8411309,14,32
8411309,15,79
8411309,16,99
8411309,17,10
8411309,18,97
8411309,19,18
8411309,20,2
8411309,21,94
8411309,22,52
8411309,23,90
8411309,24,18
8411309,25,62
8411309,26,15
8411309,27,10
8411309,28,73
8411309,29,61
8411309,30,69
8411309,31,78
8411309,32,30
8411309,33,75
8411309,34,27
8411309,35,46
8411309,36,2
8411309,37,62
8411309,38,16
8411309,39,24
8411309,40,93
8411309,41,20
8411309,42,21
8411309,43,41
8411309,44,80
8411309,45,58
8411309,46,38
8411309,48,84
8411309,49,1
8411309,50,15
8411309,51,99
8411309,52,55
8411309,53,92
8411309,54,79
8411309,55,64
8411309,56,21
8411309,58,43
8411309,59,80
8411309,60,62
8411309,1,2797
8411310,2,34
8411310,3,60
8411310,4,58
8411310,5,70
8411310,6,37
8411310,7,90
8411310,8,91
8411310,9,64
8411310,10,19
8411310,11,75
8411310,12,2
8411310,13,42
8411310,14,18
8411310,15,56
8411310,16,100
8411310,17,44
8411310,18,36
8411310,19,51
8411310,20,57
8411310,21,36
8411310,22,39
8411310,23,17
8411310,24,39
8411310,25,6
8411310,26,83
8411310,27,44
8411310,28,87
8411310,29,12
8411310,30,55
8411310,31,12
8411310,32,95
8411310,33,48
8411310,34,48
8411310,35,28
8411310,36,81
8411310,37,37
8411310,38,48
8411310,39,58
8411310,40,31
8411310,41,95
8411310,42,46
8411310,43,10
8411310,44,71
8411310,45,38
8411310,46,48
8411310,48,58
8411310,49,57
8411310,50,9
8411310,51,64
8411310,52,65
8411310,53,39
8411310,54,71
8411310,55,65
8411310,56,58
8411310,58,41
8411310,59,82
8411310,60,54
8411310,1,2879
8411311,2,7
8411311,3,72
8411311,4,11
8411311,5,26
8411311,6,23
8411311,7,16
8411311,8,46
8411311,9,40
8411311,10,54
8411311,11,14
8411311,12,46
8411311,13,22
8411311,14,74
8411311,15,67
8411311,16,64
8411311,17,27
8411311,18,44
8411311,19,96
8411311,20,96
8411311,21,75
8411311,22,4
8411311,23,17
8411311,24,29
8411311,25,88
8411311,26,50
8411311,27,35
8411311,28,9
8411311,29,69
8411311,30,82
8411311,31,33
8411311,32,61
8411311,33,22
8411311,34,77
8411311,35,50
8411311,36,85
8411311,37,80
8411311,38,52
8411311,39,40
8411311,40,67
8411311,41,24
8411311,42,93
8411311,43,84
8411311,44,28
8411311,45,76
8411311,46,95
8411311,48,23
8411311,49,22
8411311,50,94
8411311,51,77
8411311,52,90
8411311,53,68
8411311,54,91
8411311,55,14
8411311,56,83
8411311,58,60
8411311,59,86
8411311,60,71
8411311,1,3049
8411312,2,51
8411312,3,91
8411312,4,99
8411312,5,63
8411312,6,54
8411312,7,28
8411312,8,50
8411312,9,66
8411312,10,30
8411312,11,7
8411312,12,85
8411312,13,5
8411312,14,6
8411312,15,25
8411312,16,30
8411312,17,89
8411312,18,40
8411312,19,96
8411312,20,97
8411312,21,36
8411312,22,62
8411312,23,2
8411312,24,3
8411312,25,10
8411312,26,81
8411312,27,45
8411312,28,55
8411312,29,94
8411312,30,17
8411312,31,19
8411312,32,49
8411312,33,40
8411312,34,60
8411312,35,65
8411312,36,34
8411312,37,72
8411312,38,83
8411312,39,82
8411312,40,36
8411312,41,71
8411312,42,39
8411312,43,61
8411312,44,27
8411312,45,45
8411312,46,17
8411312,48,35
8411312,49,83
8411312,50,28
8411312,51,72
8411312,52,32
8411312,53,66
8411312,54,21
8411312,55,29
8411312,56,81
8411312,58,37
8411312,59,50
8411312,60,52
8411312,1,2803
8411313,2,41
8411313,3,27
8411313,4,23
8411313,5,67
8411313,6,53
8411313,7,60
8411313,8,27
8411313,9,100
8411313,10,60
8411313,11,65
8411313,12,28
8411313,13,37
8411313,14,71
8411313,15,4
8411313,16,51
8411313,17,72
8411313,18,16
8411313,19,80
8411313,20,30
8411313,21,70
8411313,22,100
8411313,23,54
8411313,24,88
8411313,25,10
8411313,26,34
8411313,27,51
8411313,28,42
8411313,29,20
8411313,30,57
8411313,31,84
8411313,32,3
8411313,33,3
8411313,34,4
8411313,35,69
8411313,36,2
8411313,37,85
8411313,38,96
8411313,39,100
8411313,40,55
8411313,41,91
8411313,42,13
8411313,43,34
8411313,44,10
8411313,45,70
8411313,46,50
8411313,48,26
8411313,49,50
8411313,50,63
8411313,51,84
8411313,52,24
8411313,53,46
8411313,54,55
8411313,55,79
8411313,56,91
8411313,58,97
8411313,59,46
8411313,60,12
8411313,1,2880
8411314,2,90
8411314,3,12
8411314,4,91
8411314,5,25
8411314,6,74
8411314,7,52
8411314,8,77
8411314,9,97
8411314,10,49
8411314,11,40
8411314,12,61
8411314,13,52
8411314,14,11
8411314,15,41
8411314,16,92
8411314,17,11
8411314,18,98
8411314,19,21
8411314,20,14
8411314,21,44
8411314,22,21
8411314,23,98
8411314,24,74
8411314,25,83
8411314,26,64
8411314,27,99
8411314,28,76
8411314,29,96
8411314,30,65
8411314,31,18
8411314,32,21
8411314,33,92
8411314,34,78
8411314,35,57
8411314,36,49
8411314,37,41
8411314,38,33
8411314,39,7
8411314,40,61
8411314,41,76
8411314,42,65
8411314,43,48
8411314,44,5
8411314,45,19
8411314,46,90
8411314,48,66
8411314,49,86
8411314,50,69
8411314,51,28
8411314,52,8
8411314,53,63
8411314,54,63
8411314,55,6
8411314,56,77
8411314,58,79
8411314,59,56
8411314,60,43
8411314,1,3132
8411315,2,7
8411315,3,80
8411315,4,81
8411315,5,23
8411315,6,79
8411315,7,66
8411315,8,61
8411315,9,23
8411315,10,70
8411315,11,55
8411315,12,5
8411315,13,10
8411315,14,64
8411315,15,83
8411315,16,9
8411315,17,41
8411315,18,13
8411315,19,59
8411315,20,10
8411315,21,1
8411315,22,86
8411315,23,4
8411315,24,19
8411315,25,69
8411315,26,72
8411315,27,24
8411315,28,52
8411315,29,59
8411315,30,20
8411315,31,23
8411315,32,22
8411315,33,50
8411315,34,95
8411315,35,76
8411315,36,65
8411315,37,48
8411315,38,28
8411315,39,60
8411315,40,14
8411315,41,8
8411315,42,19
8411315,43,44
8411315,44,63
8411315,45,94
8411315,46,95
8411315,48,86
8411315,49,5
8411315,50,15
8411315,51,70
8411315,52,42
8411315,53,17
8411315,54,18
8411315,55,81
8411315,56,77
8411315,58,52
8411315,59,44
8411315,60,88
8411315,1,2644
8411316,2,64
8411316,3,79
8411316,4,40
8411316,5,72
8411316,6,10
8411316,7,99
8411316,8,54
8411316,9,33
8411316,10,60
8411316,11,93
8411316,12,70
8411316,13,71
8411316,14,31
8411316,15,65
8411316,16,69
8411316,17,31
8411316,18,24
8411316,19,82
8411316,20,20
8411316,21,85
8411316,22,56
8411316,23,47
8411316,24,8
8411316,25,73
8411316,26,55
8411316,27,38
8411316,28,31
8411316,29,19
8411316,30,75
8411316,31,47
8411316,32,22
8411316,33,93
8411316,34,54
8411316,35,18
8411316,36,48
8411316,37,48
8411316,38,93
8411316,39,19
8411316,40,16
8411316,41,91
8411316,42,31
8411316,43,78
8411316,44,19
8411316,45,85
8411316,46,40
8411316,48,64
8411316,49,70
8411316,50,19
8411316,51,64
8411316,52,12
8411316,53,9
8411316,54,19
8411316,55,90
8411316,56,18
8411316,58,30
8411316,59,1
8411316,60,74
8411316,1,2826
8411317,2,53
8411317,3,49
8411317,4,68
8411317,5,23
8411317,6,3
8411317,7,37
8411317,8,2
8411317,9,7
8411317,10,55
8411317,11,94
8411317,12,6
8411317,13,98
8411317,14,75
8411317,15,60
8411317,16,65
8411317,17,18
8411317,18,77
8411317,19,5
8411317,20,29
8411317,21,30
8411317,22,65
8411317,23,82
8411317,24,66
8411317,25,70
8411317,26,89
8411317,27,75
8411317,28,54
8411317,29,88
8411317,30,6
8411317,31,48
8411317,32,84
8411317,33,95
8411317,34,7
8411317,35,17
8411317,36,50
8411317,37,27
8411317,38,62
8411317,39,56
8411317,40,9
8411317,41,72
8411317,42,76
8411317,43,76
8411317,44,56
8411317,45,77
8411317,46,66
8411317,48,1
8411317,49,47
8411317,50,67
8411317,51,56
8411317,52,28
8411317,53,33
8411317,54,62
8411317,55,26
8411317,56,27
8411317,58,23
8411317,59,65
8411317,60,8
8411317,1,2770
8411318,2,15
8411318,3,79
8411318,4,100
8411318,5,3
8411318,6,8
8411318,7,14
8411318,8,75
8411318,9,39
8411318,10,76
8411318,11,79
8411318,12,30
8411318,13,91
8411318,14,34
8411318,15,89
8411318,16,64
8411318,17,42
8411318,18,63
8411318,19,50
8411318,20,83
8411318,21,98
8411318,22,49
8411318,23,6
8411318,24,93
8411318,25,88
8411318,26,84
8411318,27,28
8411318,28,6
8411318,29,73
8411318,30,64
8411318,31,35
8411318,32,22
8411318,33,58
8411318,34,10
8411318,35,93
8411318,36,100
8411318,37,81
8411318,38,45
8411318,39,36
8411318,40,20
8411318,41,100
8411318,42,26
8411318,43,95
8411318,44,19
8411318,45,87
8411318,46,73
8411318,48,1
8411318,49,1
8411318,50,67
8411318,51,49
8411318,52,96
8411318,53,4
8411318,54,79
8411318,55,13
8411318,56,82
8411318,58,42
8411318,59,20
8411318,60,19
8411318,1,2996
8411319,2,16
8411319,3,97
8411319,4,17
8411319,5,81
8411319,6,78
8411319,7,44
8411319,8,86
8411319,9,81
8411319,10,42
8411319,11,18
8411319,12,100
8411319,13,32
8411319,14,91
8411319,15,40
8411319,16,78
8411319,17,37
8411319,18,64
8411319,19,35
8411319,20,60
8411319,21,55
8411319,22,30
8411319,23,46
8411319,24,74
8411319,25,68
8411319,26,65
8411319,27,91
8411319,28,20
8411319,29,27
8411319,30,62
8411319,31,27
8411319,32,46
8411319,33,55
8411319,34,6
8411319,35,75
8411319,36,21
8411319,37,19
8411319,38,72
8411319,39,39
8411319,40,38
8411319,41,99
8411319,42,66
8411319,43,47
8411319,44,95
8411319,45,12
8411319,46,69
8411319,48,47
8411319,49,18
8411319,50,47
8411319,51,39
8411319,52,60
8411319,53,3
8411319,54,24
8411319,55,100
8411319,56,36
8411319,58,6
8411319,59,49
8411319,60,96
8411319,1,2946
8411320,2,29
8411320,3,94
8411320,4,36
8411320,5,68
8411320,6,22
8411320,7,74
8411320,8,91
8411320,9,83
8411320,10,31
8411320,11,24
8411320,12,98
8411320,13,71
8411320,14,79
8411320,15,44
8411320,16,41
8411320,17,6
8411320,18,44
8411320,19,35
8411320,20,50
8411320,21,32
8411320,22,93
8411320,23,55
8411320,24,43
8411320,25,3
8411320,26,47
8411320,27,16
8411320,28,22
8411320,29,17
8411320,30,38
8411320,31,83
8411320,32,96
8411320,33,65
8411320,34,59
8411320,35,81
8411320,36,56
8411320,37,9
8411320,38,4
8411320,39,74
8411320,40,64
8411320,41,15
8411320,42,1
8411320,43,61
8411320,44,73
8411320,45,89
8411320,46,32
8411320,48,34
8411320,49,11
8411320,50,21
8411320,51,27
8411320,52,6
8411320,53,71
8411320,54,3
8411320,55,34
8411320,56,4
8411320,58,26
8411320,59,48
8411320,60,24
8411320,1,2557
8411321,2,18
8411321,3,91
8411321,4,49
8411321,5,96
8411321,6,43
8411321,7,1
8411321,8,96
8411321,9,26
8411321,10,15
8411321,11,82
8411321,12,27
8411321,13,36
8411321,14,77
8411321,15,36
8411321,16,85
8411321,17,52
8411321,18,70
8411321,19,94
8411321,20,36
8411321,21,74
8411321,22,41
8411321,23,58
8411321,24,6
8411321,25,51
8411321,26,13
8411321,27,1
8411321,28,95
8411321,29,29
8411321,30,41
8411321,31,61
8411321,32,97
8411321,33,6
8411321,34,38
8411321,35,15
8411321,36,89
8411321,37,7
8411321,38,79
8411321,39,55
8411321,40,2
8411321,41,37
8411321,42,60
8411321,43,93
8411321,44,29
8411321,45,76
8411321,46,20
8411321,48,5
8411321,49,11
8411321,50,46
8411321,51,63
8411321,52,21
8411321,53,76
8411321,54,87
8411321,55,34
8411321,56,8
8411321,58,82
8411321,59,51
8411321,60,31
8411321,1,2718
8411322,2,75
8411322,3,99
8411322,4,61
8411322,5,87
8411322,6,15
8411322,7,72
8411322,8,69
8411322,9,20
8411322,10,58
8411322,11,79
8411322,12,16
8411322,13,56
8411322,14,92
8411322,15,27
8411322,16,95
8411322,17,9
8411322,18,7
8411322,19,31
8411322,20,88
8411322,21,84
8411322,22,48
8411322,23,36
8411322,24,87
8411322,25,67
8411322,26,57
8411322,27,38
8411322,28,57
8411322,29,14
8411322,30,22
8411322,31,31
8411322,32,19
8411322,33,52
8411322,34,73
8411322,35,83
8411322,36,50
8411322,37,34
8411322,38,34
8411322,39,44
8411322,40,84
8411322,41,13
8411322,42,21
8411322,43,41
8411322,44,10
8411322,45,72
8411322,46,8
8411322,48,81
8411322,49,47
8411322,50,34
8411322,51,78
8411322,52,35
8411322,53,99
8411322,54,63
8411322,55,23
8411322,56,87
8411322,58,26
8411322,59,57
8411322,60,40
8411322,1,2905
8411323,2,55
8411323,3,89
8411323,4,76
8411323,5,45
8411323,6,84
8411323,7,72
8411323,8,66
8411323,9,17
8411323,10,19
8411323,11,72
8411323,12,79
8411323,13,84
8411323,14,23
8411323,15,89
8411323,16,86
8411323,17,33
8411323,18,33
8411323,19,9
8411323,20,58
8411323,21,62
8411323,22,64
8411323,23,30
8411323,24,42
8411323,25,27
8411323,26,55
8411323,27,10
8411323,28,62
8411323,29,94
8411323,30,42
8411323,31,59
8411323,32,6
8411323,33,21
8411323,34,51
8411323,35,44
8411323,36,46
8411323,37,34
8411323,38,76
8411323,39,69
8411323,40,85
8411323,41,45
8411323,42,90
8411323,43,100
8411323,44,26
8411323,45,41
8411323,46,48
8411323,48,50
8411323,49,4
8411323,50,17
8411323,51,36
8411323,52,67
8411323,53,66
8411323,54,44
8411323,55,3
8411323,56,24
8411323,58,9
8411323,59,14
8411323,60,92
8411323,1,2844
8411324,2,57
8411324,3,91
8411324,4,78
8411324,5,72
8411324,6,58
8411324,7,58
8411324,8,28
8411324,9,44
8411324,10,33
8411324,11,47
8411324,12,71
8411324,13,78
8411324,14,21
8411324,15,3
8411324,16,58
8411324,17,41
8411324,18,97
8411324,19,39
8411324,20,24
8411324,21,35
8411324,22,82
8411324,23,38
8411324,24,13
8411324,25,7
8411324,26,94
8411324,27,62
8411324,28,83
8411324,29,25
8411324,30,32
8411324,31,98
8411324,32,59
8411324,33,53
8411324,34,45
8411324,35,90
8411324,36,60
8411324,37,96
8411324,38,98
8411324,39,83
8411324,40,71
8411324,41,66
8411324,42,38
8411324,43,16
8411324,44,86
8411324,45,71
8411324,46,56
8411324,48,37
8411324,49,38
8411324,50,72
8411324,51,71
8411324,52,81
8411324,53,50
8411324,54,63
8411324,55,47
8411324,56,55
8411324,58,12
8411324,59,7
8411324,60,65
8411324,1,3153
8411325,2,8
8411325,3,4
8411325,4,82
8411325,5,80
8411325,6,83
8411325,7,61
8411325,8,24
8411325,9,41
8411325,10,99
8411325,11,10
8411325,12,39
8411325,13,27
8411325,14,84
8411325,15,27
8411325,16,19
8411325,17,55
8411325,18,46
8411325,19,22
8411325,20,9
8411325,21,44
8411325,22,51
8411325,23,34
8411325,24,63
8411325,25,80
8411325,26,29
8411325,27,11
8411325,28,12
8411325,29,36
8411325,30,99
8411325,31,39
8411325,32,58
8411325,33,43
8411325,34,36
8411325,35,69
8411325,36,54
8411325,37,19
8411325,38,33
8411325,39,13
8411325,40,54
8411325,41,9
8411325,42,23
8411325,43,39
8411325,44,90
8411325,45,40
8411325,46,84
8411325,48,11
8411325,49,67
8411325,50,12
8411325,51,18
8411325,52,32
8411325,53,91
8411325,54,32
8411325,55,54
8411325,56,95
8411325,58,19
8411325,59,92
8411325,60,68
8411325,1,2573
8411326,2,58
8411326,3,21
8411326,4,5
8411326,5,42
8411326,6,22
8411326,7,14
8411326,8,87
8411326,9,75
8411326,10,88
8411326,11,11
8411326,12,91
8411326,13,75
8411326,14,6
8411326,15,57
8411326,16,77
8411326,17,67
8411326,18,95
8411326,19,87
8411326,20,10
8411326,21,38
8411326,22,53
8411326,23,48
8411326,24,85
8411326,25,1
8411326,26,51
8411326,27,32
8411326,28,7
8411326,29,22
8411326,30,35
8411326,31,54
8411326,32,87
8411326,33,32
8411326,34,12
8411326,35,86
8411326,36,60
8411326,37,19
8411326,38,8
8411326,39,29
8411326,40,41
8411326,41,81
8411326,42,8
8411326,43,71
8411326,44,92
8411326,45,23
8411326,46,69
8411326,48,71
8411326,49,69
8411326,50,83
8411326,51,61
8411326,52,49
8411326,53,88
8411326,54,97
8411326,55,85
8411326,56,88
8411326,58,55
8411326,59,16
8411326,60,54
8411326,1,2948
8411327,2,90
8411327,3,54
8411327,4,96
8411327,5,98
8411327,6,76
8411327,7,61
8411327,8,54
8411327,9,22
8411327,10,13
8411327,11,96
8411327,12,99
8411327,13,41
8411327,14,22
8411327,15,6
8411327,16,24
8411327,17,87
8411327,18,47
8411327,19,97
8411327,20,91
8411327,21,85
8411327,22,84
8411327,23,57
8411327,24,36
8411327,25,50
8411327,26,57
8411327,27,21
8411327,28,44
8411327,29,38
8411327,30,95
8411327,31,81
8411327,32,95
8411327,33,81
8411327,34,24
8411327,35,74
8411327,36,27
8411327,37,49
8411327,38,18
8411327,39,82
8411327,40,26
8411327,41,15
8411327,42,87
8411327,43,58
8411327,44,71
8411327,45,91
8411327,46,93
8411327,48,16
8411327,49,29
8411327,50,39
8411327,51,15
8411327,52,15
8411327,53,45
8411327,54,10
8411327,55,92
8411327,56,81
8411327,58,93
8411327,59,37
8411327,60,68
8411327,1,3253
8411328,2,32
8411328,3,63
8411328,4,30
8411328,5,59
8411328,6,68
8411328,7,100
8411328,8,8
8411328,9,35
8411328,10,22
8411328,11,62
8411328,12,36
8411328,13,23
8411328,14,71
8411328,15,55
8411328,16,42
8411328,17,71
8411328,18,49
8411328,19,51
8411328,20,78
8411328,21,66
8411328,22,40
8411328,23,14
8411328,24,74
8411328,25,43
8411328,26,22
8411328,27,67
8411328,28,87
8411328,29,76
8411328,30,51
8411328,31,49
8411328,32,25
8411328,33,96
8411328,34,54
8411328,35,28
8411328,36,4
8411328,37,27
8411328,38,96
8411328,39,93
8411328,40,60
8411328,41,54
8411328,42,21
8411328,43,45
8411328,44,74
8411328,45,43
8411328,46,39
8411328,48,15
8411328,49,44
8411328,50,31
8411328,51,67
8411328,52,92
8411328,53,44
8411328,54,1
8411328,55,42
8411328,56,19
8411328,58,62
8411328,59,14
8411328,60,7
8411328,1,2741
8411329,2,4
8411329,3,63
8411329,4,46
8411329,5,46
8411329,6,39
8411329,7,15
8411329,8,24
8411329,9,75
8411329,10,23
8411329,11,22
8411329,12,73
8411329,13,64
8411329,14,38
8411329,15,59
8411329,16,72
8411329,17,90
8411329,18,83
8411329,19,59
8411329,20,89
8411329,21,12
8411329,22,84
8411329,23,11
8411329,24,39
8411329,25,15
8411329,26,82
8411329,27,93
8411329,28,28
8411329,29,84
8411329,30,87
8411329,31,51
8411329,32,62
8411329,33,3
8411329,34,3
8411329,35,74
8411329,36,40
8411329,37,12
8411329,38,32
8411329,39,98
8411329,40,63
8411329,41,88
8411329,42,12
8411329,43,68
8411329,44,56
8411329,45,40
8411329,46,63
8411329,48,33
8411329,49,84
8411329,50,17
8411329,51,35
8411329,52,46
8411329,53,28
8411329,54,20
8411329,55,12
8411329,56,55
8411329,58,57
8411329,59,43
8411329,60,38
8411329,1,2752
8411330,2,74
8411330,3,80
8411330,4,42
8411330,5,1
8411330,6,86
8411330,7,26
8411330,8,26
8411330,9,45
8411330,10,74
8411330,11,25
8411330,12,40
8411330,13,97
8411330,14,15
8411330,15,41
8411330,16,46
8411330,17,56
8411330,18,75
8411330,19,1
8411330,20,69
8411330,21,79
8411330,22,11
8411330,23,32
8411330,24,76
8411330,25,76
8411330,26,76
8411330,27,65
8411330,28,80
8411330,29,94
8411330,30,21
8411330,31,8
8411330,32,72
8411330,33,12
8411330,34,88
8411330,35,8
8411330,36,17
8411330,37,67
8411330,38,49
8411330,39,65
8411330,40,62
8411330,41,35
8411330,42,45
8411330,43,47
8411330,44,69
8411330,45,24
8411330,46,16
8411330,48,4
8411330,49,31
8411330,50,91
8411330,51,21
8411330,52,77
8411330,53,31
8411330,54,10
8411330,55,76
8411330,56,5
8411330,58,14
8411330,59,37
8411330,60,28
8411330,1,2638
8411331,2,35
8411331,3,8
8411331,4,58
8411331,5,75
8411331,6,31
8411331,7,41
8411331,8,18
8411331,9,80
8411331,10,99
8411331,11,86
8411331,12,31
8411331,13,90
8411331,14,26
8411331,15,70
8411331,16,26
8411331,17,39
8411331,18,17
8411331,19,59
8411331,20,81
8411331,21,77
8411331,22,57
8411331,23,96
8411331,24,95
8411331,25,94
8411331,26,31
8411331,27,45
8411331,28,10
8411331,29,83
8411331,30,5
8411331,31,64
8411331,32,6
8411331,33,68
8411331,34,52
8411331,35,51
8411331,36,96
8411331,37,7
8411331,38,64
8411331,39,29
8411331,40,51
8411331,41,54
8411331,42,78
8411331,43,74
8411331,44,26
8411331,45,29
8411331,46,70
8411331,48,88
8411331,49,85
8411331,50,64
8411331,51,32
8411331,52,13
8411331,53,22
8411331,54,8
8411331,55,42
8411331,56,61
8411331,58,88
8411331,59,95
8411331,60,51
8411331,1,3031
8411332,2,55
8411332,3,68
8411332,4,33
8411332,5,70
8411332,6,62
8411332,7,89
8411332,8,78
8411332,9,38
8411332,10,86
8411332,11,67
8411332,12,69
8411332,13,85
8411332,14,97
8411332,15,56
8411332,16,4
8411332,17,68
8411332,18,77
8411332,19,34
8411332,20,51
8411332,21,3
8411332,22,74
8411332,23,16
8411332,24,49
8411332,25,67
8411332,26,43
8411332,27,98
8411332,28,6
8411332,29,73
8411332,30,44
8411332,31,15
8411332,32,33
8411332,33,12
8411332,34,90
8411332,35,82
8411332,36,78
8411332,37,76
8411332,38,26
8411332,39,26
8411332,40,81
8411332,41,20
8411332,42,46
8411332,43,14
8411332,44,79
8411332,45,20
8411332,46,55
8411332,48,36
8411332,49,73
8411332,50,88
8411332,51,84
8411332,52,54
8411332,53,27
8411332,54,85
8411332,55,36
8411332,56,48
8411332,58,17
8411332,59,10
8411332,60,94
8411332,1,3065
8411333,2,40
8411333,3,26
8411333,4,84
8411333,5,87
8411333,6,27
8411333,7,64
8411333,8,92
8411333,9,43
8411333,10,81
8411333,11,70
8411333,12,38
8411333,13,66
8411333,14,47
8411333,15,35
8411333,16,58
8411333,17,34
8411333,18,43
8411333,19,45
8411333,20,51
8411333,21,90
8411333,22,23
8411333,23,95
8411333,24,14
8411333,25,95
8411333,26,13
8411333,27,3
8411333,28,61
8411333,29,85
8411333,30,51
8411333,31,56
8411333,32,58
8411333,33,75
8411333,34,85
8411333,35,62
8411333,36,83
8411333,37,77
8411333,38,65
8411333,39,76
8411333,40,54
8411333,41,53
8411333,42,80
8411333,43,88
8411333,44,24
8411333,45,2
8411333,46,33
8411333,48,59
8411333,49,66
8411333,50,54
8411333,51,67
8411333,52,6
8411333,53,44
8411333,54,17
8411333,55,7
8411333,56,3
8411333,58,24
8411333,59,93
8411333,60,60
8411333,1,3032
8411334,2,100
8411334,3,18
8411334,4,26
8411334,5,8
8411334,6,37
8411334,7,36
8411334,8,54
8411334,9,37
8411334,10,76
8411334,11,17
8411334,12,10
8411334,13,55
8411334,14,71
8411334,15,92
8411334,16,20
8411334,17,21
8411334,18,21
8411334,19,56
8411334,20,27
8411334,21,38
8411334,22,89
8411334,23,20
8411334,24,82
8411334,25,56
8411334,26,79
8411334,27,35
8411334,28,98
8411334,29,49
8411334,30,14
8411334,31,59
8411334,32,78
8411334,33,69
8411334,34,61
8411334,35,81
8411334,36,47
8411334,37,22
8411334,38,97
8411334,39,67
8411334,40,50
8411334,41,27
8411334,42,77
8411334,43,4
8411334,44,45
8411334,45,89
8411334,46,26
8411334,48,20
8411334,49,73
8411334,50,70
8411334,51,32
8411334,52,28
8411334,53,77
8411334,54,53
8411334,55,18
8411334,56,17
8411334,58,88
8411334,59,21
8411334,60,11
8411334,1,2749
8411335,2,44
8411335,3,26
8411335,4,66
8411335,5,21
8411335,6,58
8411335,7,74
8411335,8,39
8411335,9,92
8411335,10,9
8411335,11,35
8411335,12,60
8411335,13,55
8411335,14,41
8411335,15,97
8411335,16,59
8411335,17,58
8411335,18,72
8411335,19,74
8411335,20,64
8411335,21,58
8411335,22,42
8411335,23,92
8411335,24,85
8411335,25,97
8411335,26,41
8411335,27,14
8411335,28,43
8411335,29,80
8411335,30,11
8411335,31,97
8411335,32,89
8411335,33,55
8411335,34,49
8411335,35,10
8411335,36,77
8411335,37,33
8411335,38,19
8411335,39,19
8411335,40,59
8411335,41,45
8411335,42,58
8411335,43,59
8411335,44,3
8411335,45,24
8411335,46,22
8411335,48,19
8411335,49,72
8411335,50,91
8411335,51,61
8411335,52,48
8411335,53,83
8411335,54,43
8411335,55,70
8411335,56,34
8411335,58,18
8411335,59,36
8411335,60,20
8411335,1,2920
8411336,2,35
8411336,3,28
8411336,4,13
8411336,5,78
8411336,6,36
8411336,7,14
8411336,8,79
8411336,9,3
8411336,10,55
8411336,11,100
8411336,12,16
8411336,13,89
8411336,14,87
8411336,15,70
8411336,16,49
8411336,17,23
8411336,18,72
8411336,19,56
8411336,20,69
8411336,21,83
8411336,22,22
8411336,23,20
8411336,24,86
8411336,25,47
8411336,26,68
8411336,27,26
8411336,28,96
8411336,29,53
8411336,30,31
8411336,31,77
8411336,32,86
8411336,33,77
8411336,34,68
8411336,35,33
8411336,36,12
8411336,37,23
8411336,38,90
8411336,39,87
8411336,40,51
8411336,41,100
8411336,42,29
8411336,43,10
8411336,44,40
8411336,45,85
8411336,46,18
8411336,48,30
8411336,49,26
8411336,50,12
8411336,51,51
8411336,52,94
8411336,53,70
8411336,54,66
8411336,55,8
8411336,56,75
8411336,58,21
8411336,59,61
8411336,60,47
8411336,1,2951
8411337,2,13
8411337,3,10
8411337,4,17
8411337,5,9
8411337,6,57
8411337,7,80
8411337,8,24
8411337,9,18
8411337,10,67
8411337,11,27
8411337,12,89
8411337,13,12
8411337,14,1
8411337,15,38
8411337,16,33
8411337,17,59
8411337,18,35
8411337,19,49
8411337,20,89
8411337,21,78
8411337,22,24
8411337,23,19
8411337,24,35
8411337,25,76
8411337,26,46
8411337,27,55
8411337,28,45
8411337,29,28
8411337,30,64
8411337,31,22
8411337,32,14
8411337,33,43
8411337,34,64
8411337,35,64
8411337,36,96
8411337,37,72
8411337,38,61
8411337,39,30
8411337,40,21
8411337,41,64
8411337,42,27
8411337,43,24
8411337,44,40
8411337,45,85
8411337,46,73
8411337,48,80
8411337,49,30
8411337,50,20
8411337,51,54
8411337,52,74
8411337,53,17
8411337,54,88
8411337,55,30
8411337,56,94
8411337,58,5
8411337,59,16
8411337,60,81
8411337,1,2586
8411338,2,67
8411338,3,27
8411338,4,10
8411338,5,36
8411338,6,39
8411338,7,65
8411338,8,56
8411338,9,57
8411338,10,88
8411338,11,90
8411338,12,8
8411338,13,89
8411338,14,25
8411338,15,75
8411338,16,68
8411338,17,47
8411338,18,38
8411338,19,46
8411338,20,38
8411338,21,36
8411338,22,53
8411338,23,85
8411338,24,10
8411338,25,81
8411338,26,61
8411338,27,38
8411338,28,30
8411338,29,8
8411338,30,12
8411338,31,22
8411338,32,25
8411338,33,1
8411338,34,55
8411338,35,11
8411338,36,99
8411338,37,84
8411338,38,2
8411338,39,82
8411338,40,99
8411338,41,14
8411338,42,7
8411338,43,83
8411338,44,26
8411338,45,30
8411338,46,28
8411338,48,65
8411338,49,80
8411338,50,75
8411338,51,17
8411338,52,1
8411338,53,69
8411338,54,98
8411338,55,75
8411338,56,24
8411338,58,5
8411338,59,44
8411338,60,26
8411338,1,2630
8411339,2,76
8411339,3,53
8411339,4,7
8411339,5,55
8411339,6,36
8411339,7,53
8411339,8,36
8411339,9,100
8411339,10,67
8411339,11,92
8411339,12,85
8411339,13,8
8411339,14,58
8411339,15,85
8411339,16,70
8411339,17,65
8411339,18,28
8411339,19,11
8411339,20,41
8411339,21,67
8411339,22,49
8411339,23,84
8411339,24,16
8411339,25,36
8411339,26,68
8411339,27,59
8411339,28,59
8411339,29,16
8411339,30,67
8411339,31,11
8411339,32,51
8411339,33,94
8411339,34,52
8411339,35,8
8411339,36,32
8411339,37,64
8411339,38,98
8411339,39,81
8411339,40,13
8411339,41,50
8411339,42,14
8411339,43,92
8411339,44,5
8411339,45,74
8411339,46,37
8411339,48,10
8411339,49,24
8411339,50,57
8411339,51,55
8411339,52,6
8411339,53,12
8411339,54,88
8411339,55,93
8411339,56,14
8411339,58,26
8411339,59,37
8411339,60,64
8411339,1,2809
8411340,2,47
8411340,3,7
8411340,4,70
8411340,5,88
8411340,6,64
8411340,7,58
8411340,8,2
8411340,9,99
8411340,10,7
8411340,11,34
8411340,12,25
8411340,13,21
8411340,14,25
8411340,15,46
8411340,16,60
8411340,17,62
8411340,18,65
8411340,19,81
8411340,20,60
8411340,21,78
8411340,22,75
8411340,23,7
8411340,24,77
8411340,25,83
8411340,26,46
8411340,27,49
8411340,28,70
8411340,29,44
8411340,30,17
8411340,31,86
8411340,32,83
8411340,33,10
8411340,34,73
8411340,35,19
8411340,36,8
8411340,37,33
8411340,38,51
8411340,39,35
8411340,40,57
8411340,41,39
8411340,42,54
8411340,43,18
8411340,44,74
8411340,45,24
8411340,46,55
8411340,48,72
8411340,49,62
8411340,50,62
8411340,51,23
8411340,52,86
8411340,53,10
8411340,54,65
8411340,55,93
8411340,56,48
8411340,58,100
8411340,59,13
8411340,60,67
8411340,1,2887
8411341,2,68
8411341,3,31
8411341,4,9
8411341,5,67
8411341,6,11
8411341,7,39
8411341,8,81
8411341,9,19
8411341,10,29
8411341,11,63
8411341,12,82
8411341,13,64
8411341,14,15
8411341,15,36
8411341,16,35
8411341,17,11
8411341,18,54
8411341,19,34
8411341,20,96
8411341,21,84
8411341,22,68
8411341,23,44
8411341,24,40
8411341,25,38
8411341,26,90
8411341,27,37
8411341,28,13
8411341,29,23
8411341,30,70
8411341,31,15
8411341,32,68
8411341,33,37
8411341,34,79
8411341,35,16
8411341,36,63
8411341,37,58
8411341,38,89
8411341,39,38
8411341,40,51
8411341,41,26
8411341,42,71
8411341,43,67
8411341,44,35
8411341,45,93
8411341,46,61
8411341,48,53
8411341,49,49
8411341,50,30
8411341,51,36
8411341,52,73
8411341,53,94
8411341,54,58
8411341,55,57
8411341,56,80
8411341,58,53
8411341,59,1
8411341,60,19
8411341,1,2821
8411342,2,60
8411342,3,42
8411342,4,55
8411342,5,60
8411342,6,62
8411342,7,3
8411342,8,54
8411342,9,63
8411342,10,3
8411342,11,97
8411342,12,69
8411342,13,53
8411342,14,61
8411342,15,52
8411342,16,96
8411342,17,88
8411342,18,21
8411342,19,50
8411342,20,42
8411342,21,60
8411342,22,64
8411342,23,19
8411342,24,48
8411342,25,18
8411342,26,52
8411342,27,75
8411342,28,63
8411342,29,33
8411342,30,86
8411342,31,35
8411342,32,56
8411342,33,44
8411342,34,74
8411342,35,53
8411342,36,16
8411342,37,51
8411342,38,4
8411342,39,88
8411342,40,61
8411342,41,42
8411342,42,93
8411342,43,15
8411342,44,56
8411342,45,61
8411342,46,94
8411342,48,81
8411342,49,29
8411342,50,57
8411342,51,14
8411342,52,62
8411342,53,42
8411342,54,36
8411342,55,53
8411342,56,73
8411342,58,28
8411342,59,41
8411342,60,16
8411342,1,2924
8411343,2,78
8411343,3,6
8411343,4,97
8411343,5,17
8411343,6,33
8411343,7,65
8411343,8,52
8411343,9,42
8411343,10,84
8411343,11,50
8411343,12,10
8411343,13,3
8411343,14,77
8411343,15,62
8411343,16,50
8411343,17,42
8411343,18,10
8411343,19,80
8411343,20,16
8411343,21,6
8411343,22,100
8411343,23,73
8411343,24,98
8411343,25,19
8411343,26,21
8411343,27,39
8411343,28,69
8411343,29,66
8411343,30,57
8411343,31,69
8411343,32,56
8411343,33,27
8411343,34,73
8411343,35,25
8411343,36,11
8411343,37,34
8411343,38,76
8411343,39,86
8411343,40,32
8411343,41,23
8411343,42,33
8411343,43,39
8411343,44,44
8411343,45,58
8411343,46,82
8411343,48,54
8411343,49,50
8411343,50,88
8411343,51,39
8411343,52,54
8411343,53,49
8411343,54,43
8411343,55,71
8411343,56,73
8411343,58,85
8411343,59,29
8411343,60,27
8411343,1,2852
8411344,2,15
8411344,3,89
8411344,4,17
8411344,5,86
8411344,6,10
8411344,7,82
8411344,8,6
8411344,9,81
8411344,10,40
8411344,11,8
8411344,12,58
8411344,13,61
8411344,14,35
8411344,15,74
8411344,16,12
8411344,17,99
8411344,18,87
8411344,19,51
8411344,20,46
8411344,21,6
8411344,22,6
8411344,23,33
8411344,24,91
8411344,25,30
8411344,26,13
8411344,27,77
8411344,28,63
8411344,29,27
8411344,30,68
8411344,31,47
8411344,32,81
8411344,33,78
8411344,34,44
8411344,35,48
8411344,36,42
8411344,37,59
8411344,38,84
8411344,39,99
8411344,40,8
8411344,41,4
8411344,42,53
8411344,43,1
8411344,44,92
8411344,45,38
8411344,46,51
8411344,48,56
8411344,49,81
8411344,50,13
8411344,51,62
8411344,52,18
8411344,53,72
8411344,54,99
8411344,55,42
8411344,56,22
8411344,58,70
8411344,59,4
8411344,60,12
8411344,1,2751
8411345,2,94
8411345,3,16
8411345,4,20
8411345,5,36
8411345,6,80
8411345,7,59
8411345,8,79
8411345,9,81
8411345,10,26
8411345,11,44
8411345,12,90
8411345,13,42
8411345,14,70
8411345,15,59
8411345,16,68
8411345,17,66
8411345,18,5
8411345,19,89
8411345,20,74
8411345,21,71
8411345,22,24
8411345,23,27
8411345,24,62
8411345,25,62
8411345,26,98
8411345,27,93
8411345,28,54
8411345,29,24
8411345,30,68
8411345,31,59
8411345,32,88
8411345,33,89
8411345,34,3
8411345,35,21
8411345,36,14
8411345,37,52
8411345,38,97
8411345,39,99
8411345,40,95
8411345,41,35
8411345,42,91
8411345,43,100
8411345,44,24
8411345,45,98
8411345,46,78
8411345,48,29
8411345,49,70
8411345,50,40
8411345,51,67
8411345,52,43
8411345,53,78
8411345,54,32
8411345,55,64
8411345,56,69
8411345,58,88
8411345,59,14
8411345,60,20
8411345,1,3338
8411346,2,62
8411346,3,7
8411346,4,24
8411346,5,14
8411346,6,3
8411346,7,90
8411346,8,84
8411346,9,91
8411346,10,12
8411346,11,24
8411346,12,62
8411346,13,3
8411346,14,21
8411346,15,14
8411346,16,85
8411346,17,11
8411346,18,9
8411346,19,77
8411346,20,85
8411346,21,99
8411346,22,1
8411346,23,94
8411346,24,12
8411346,25,83
8411346,26,35
8411346,27,43
8411346,28,91
8411346,29,95
8411346,30,80
8411346,31,12
8411346,32,1
8411346,33,23
8411346,34,61
8411346,35,49
8411346,36,55
8411346,37,92
8411346,38,21
8411346,39,46
8411346,40,54
8411346,41,14
8411346,42,22
8411346,43,36
8411346,44,44
8411346,45,87
8411346,46,28
8411346,48,47
8411346,49,92
8411346,50,37
8411346,51,37
8411346,52,13
8411346,53,18
8411346,54,39
8411346,55,16
8411346,56,16
8411346,58,21
8411346,59,77
8411346,60,53
8411346,1,2522
8411347,2,37
8411347,3,99
8411347,4,61
8411347,5,71
8411347,6,55
8411347,7,23
8411347,8,21
8411347,9,94
8411347,10,64
8411347,11,17
8411347,12,99
8411347,13,10
8411347,14,40
8411347,15,95
8411347,16,18
8411347,17,55
8411347,18,95
8411347,19,96
8411347,20,16
8411347,21,18
8411347,22,98
8411347,23,63
8411347,24,3
8411347,25,83
8411347,26,92
8411347,27,34
8411347,28,41
8411347,29,35
8411347,30,15
8411347,31,75
8411347,32,39
8411347,33,87
8411347,34,11
8411347,35,94
8411347,36,16
8411347,37,57
8411347,38,43
8411347,39,47
8411347,40,47
8411347,41,59
8411347,42,99
8411347,43,46
8411347,44,34
8411347,45,48
8411347,46,80
8411347,48,100
8411347,49,54
8411347,50,64
8411347,51,80
8411347,52,53
8411347,53,43
8411347,54,61
8411347,55,14
8411347,56,1
8411347,58,87
8411347,59,9
8411347,60,56
8411347,1,3052
8411348,2,93
8411348,3,35
8411348,4,38
8411348,5,38
8411348,6,36
8411348,7,30
8411348,8,72
8411348,9,3
8411348,10,50
8411348,11,23
8411348,12,78
8411348,13,7
8411348,14,13
8411348,15,88
8411348,16,29
8411348,17,63
8411348,18,58
8411348,19,23
8411348,20,47
8411348,21,90
8411348,22,54
8411348,23,33
8411348,24,2
8411348,25,98
8411348,26,47
8411348,27,43
8411348,28,73
8411348,29,92
8411348,30,8
8411348,31,78
8411348,32,77
8411348,33,9
8411348,34,46
8411348,35,80
8411348,36,50
8411348,37,26
8411348,38,84
8411348,39,3
8411348,40,99
8411348,41,9
8411348,42,37
8411348,43,65
8411348,44,47
8411348,45,89
8411348,46,88
8411348,48,5
8411348,49,72
8411348,50,35
8411348,51,99
8411348,52,18
8411348,53,32
8411348,54,70
8411348,55,45
8411348,56,36
8411348,58,50
8411348,59,46
8411348,60,20
8411348,1,2779
8411349,2,16
8411349,3,14
8411349,4,39
8411349,5,30
8411349,6,21
8411349,7,96
8411349,8,90
8411349,9,48
8411349,10,70
8411349,11,28
8411349,12,98
8411349,13,44
8411349,14,3
8411349,15,39
8411349,16,91
8411349,17,76
8411349,18,1
8411349,19,79
8411349,20,13
8411349,21,95
8411349,22,92
8411349,23,4
8411349,24,57
8411349,25,90
8411349,26,54
8411349,27,70
8411349,28,73
8411349,29,44
8411349,30,36
8411349,31,81
8411349,32,6
8411349,33,90
8411349,34,8
8411349,35,64
8411349,36,96
8411349,37,36
8411349,38,43
8411349,39,7
8411349,40,46
8411349,41,7
8411349,42,93
8411349,43,10
8411349,44,65
8411349,45,62
8411349,46,26
8411349,48,38
8411349,49,16
8411349,50,79
8411349,51,63
8411349,52,86
8411349,53,87
8411349,54,48
8411349,55,83
8411349,56,14
8411349,58,41
8411349,59,67
8411349,60,93
8411349,1,2966
8411350,2,46
8411350,3,72
8411350,4,49
8411350,5,5
8411350,6,36
8411350,7,44
8411350,8,18
8411350,9,72
8411350,10,97
8411350,11,45
8411350,12,21
8411350,13,22
8411350,14,73
8411350,15,99
8411350,16,30
8411350,17,25
8411350,18,3
8411350,19,73
8411350,20,44
8411350,21,34
8411350,22,62
8411350,23,1
8411350,24,77
8411350,25,90
8411350,26,61
8411350,27,97
8411350,28,31
8411350,29,59
8411350,30,68
8411350,31,52
8411350,32,29
8411350,33,81
8411350,34,54
8411350,35,14
8411350,36,55
8411350,37,63
8411350,38,69
8411350,39,14
8411350,40,18
8411350,41,96
8411350,42,8
8411350,43,32
8411350,44,13
8411350,45,75
8411350,46,27
8411350,48,82
8411350,49,59
8411350,50,87
8411350,51,33
8411350,52,12
8411350,53,2
8411350,54,38
8411350,55,35
8411350,56,8
8411350,58,7
8411350,59,24
8411350,60,57
8411350,1,2598
8411351,2,71
8411351,3,51
8411351,4,49
8411351,5,42
8411351,6,73
8411351,7,35
8411351,8,36
8411351,9,40
8411351,10,39
8411351,11,89
8411351,12,56
8411351,13,3
8411351,14,70
8411351,15,40
8411351,16,95
8411351,17,97
8411351,18,36
8411351,19,96
8411351,20,74
8411351,21,24
8411351,22,77
8411351,23,6
8411351,24,52
8411351,25,36
8411351,26,80
8411351,27,81
8411351,28,62
8411351,29,94
8411351,30,37
8411351,31,86
8411351,32,42
8411351,33,17
8411351,34,27
8411351,35,24
8411351,36,28
8411351,37,93
8411351,38,84
8411351,39,72
8411351,40,77
8411351,41,66
8411351,42,60
8411351,43,87
8411351,44,34
8411351,45,94
8411351,46,41
8411351,48,69
8411351,49,36
8411351,50,56
8411351,51,4
8411351,52,74
8411351,53,9
8411351,54,35
8411351,55,32
8411351,56,72
8411351,58,25
8411351,59,22
8411351,60,58
8411351,1,3065
8411352,2,62
8411352,3,36
8411352,4,78
8411352,5,20
8411352,6,38
8411352,7,84
8411352,8,14
8411352,9,54
8411352,10,95
8411352,11,90
8411352,12,54
8411352,13,96
8411352,14,73
8411352,15,30
8411352,16,52
8411352,17,83
8411352,18,45
8411352,19,85
8411352,20,94
8411352,21,21
8411352,22,62
8411352,23,70
8411352,24,81
8411352,25,83
8411352,26,65
8411352,27,32
8411352,28,54
8411352,29,48
8411352,30,80
8411352,31,22
8411352,32,100
8411352,33,63
8411352,34,43
8411352,35,67
8411352,36,21
8411352,37,64
8411352,38,15
8411352,39,35
8411352,40,15
8411352,41,47
8411352,42,53
8411352,43,89
8411352,44,17
8411352,45,46
8411352,46,58
8411352,48,20
8411352,49,82
8411352,50,6
8411352,51,100
8411352,52,9
8411352,53,9
8411352,54,92
8411352,55,71
8411352,56,12
8411352,58,99
8411352,59,26
8411352,60,22
8411352,1,3082
8411353,2,67
8411353,3,55
8411353,4,5
8411353,5,71
8411353,6,8
8411353,7,25
8411353,8,4
8411353,9,57
8411353,10,37
8411353,11,77
8411353,12,55
8411353,13,12
8411353,14,87
8411353,15,59
8411353,16,18
8411353,17,37
8411353,18,36
8411353,19,23
8411353,20,95
8411353,21,90
8411353,22,14
8411353,23,100
8411353,24,89
8411353,25,7
8411353,26,32
8411353,27,12
8411353,28,71
8411353,29,10
8411353,30,4
8411353,31,58
8411353,32,17
8411353,33,77
8411353,34,47
8411353,35,67
8411353,36,85
8411353,37,74
8411353,38,76
8411353,39,32
8411353,40,22
8411353,41,71
8411353,42,62
8411353,43,84
8411353,44,25
8411353,45,59
8411353,46,96
8411353,48,9
8411353,49,7
8411353,50,33
8411353,51,100
8411353,52,63
8411353,53,16
8411353,54,66
8411353,55,73
8411353,56,41
8411353,58,80
8411353,59,27
8411353,60,41
8411353,1,2765
8411354,2,49
8411354,3,16
8411354,4,2
8411354,5,32
8411354,6,22
8411354,7,100
8411354,8,7
8411354,9,81
8411354,10,50
8411354,11,86
8411354,12,95
8411354,13,64
8411354,14,92
8411354,15,92
8411354,16,44
8411354,17,85
8411354,18,88
8411354,19,35
8411354,20,74
8411354,21,24
8411354,22,62
8411354,23,30
8411354,24,88
8411354,25,77
8411354,26,2
8411354,27,54
8411354,28,61
8411354,29,36
8411354,30,13
8411354,31,11
8411354,32,98
8411354,33,76
8411354,34,94
8411354,35,32
8411354,36,83
8411354,37,60
8411354,38,40
8411354,39,8
8411354,40,6
8411354,41,89
8411354,42,94
8411354,43,29
8411354,44,81
8411354,45,6
8411354,46,56
8411354,48,90
8411354,49,9
8411354,50,5
8411354,51,100
8411354,52,37
8411354,53,19
8411354,54,29
8411354,55,18
8411354,56,18
8411354,58,99
8411354,59,30
8411354,60,96
8411354,1,2974
8411355,2,16
8411355,3,59
8411355,4,15
8411355,5,38
8411355,6,30
8411355,7,69
8411355,8,69
8411355,9,10
8411355,10,6
8411355,11,3
8411355,12,23
8411355,13,97
8411355,14,79
8411355,15,42
8411355,16,18
8411355,17,69
8411355,18,72
8411355,19,84
8411355,20,59
8411355,21,27
8411355,22,71
8411355,23,70
8411355,24,34
8411355,25,79
8411355,26,26
8411355,27,47
8411355,28,64
8411355,29,47
8411355,30,55
8411355,31,9
8411355,32,6
8411355,33,84
8411355,34,22
8411355,35,20
8411355,36,80
8411355,37,91
8411355,38,86
8411355,39,77
8411355,40,45
8411355,41,46
8411355,42,47
8411355,43,97
8411355,44,8
8411355,45,48
8411355,46,54
8411355,48,29
8411355,49,68
8411355,50,36
8411355,51,29
8411355,52,22
8411355,53,36
8411355,54,77
8411355,55,47
8411355,56,99
8411355,58,9
8411355,59,35
8411355,60,68
8411355,1,2753
8411356,2,60
8411356,3,25
8411356,4,42
8411356,5,55
8411356,6,13
8411356,7,33
8411356,8,27
8411356,9,63
8411356,10,11
8411356,11,96
8411356,12,32
8411356,13,96
8411356,14,82
8411356,15,70
8411356,16,56
8411356,17,43
8411356,18,76
8411356,19,68
8411356,20,75
8411356,21,8
8411356,22,15
8411356,23,94
8411356,24,47
8411356,25,75
8411356,26,7
8411356,27,33
8411356,28,38
8411356,29,86
8411356,30,29
8411356,31,83
8411356,32,52
8411356,33,47
8411356,34,72
8411356,35,17
8411356,36,12
8411356,37,11
8411356,38,5
8411356,39,38
8411356,40,26
8411356,41,59
8411356,42,55
8411356,43,50
8411356,44,53
8411356,45,83
8411356,46,11
8411356,48,74
8411356,49,3
8411356,50,39
8411356,51,31
8411356,52,65
8411356,53,65
8411356,54,1
8411356,55,58
8411356,56,44
8411356,58,91
8411356,59,30
8411356,60,1
8411356,1,2631
8411357,2,93
8411357,3,60
8411357,4,63
8411357,5,71
8411357,6,91
8411357,7,80
8411357,8,22
8411357,9,54
8411357,10,89
8411357,11,61
8411357,12,42
8411357,13,61
8411357,14,52
8411357,15,76
8411357,16,10
8411357,17,39
8411357,18,3
8411357,19,26
8411357,20,96
8411357,21,61
8411357,22,20
8411357,23,68
8411357,24,77
8411357,25,3
8411357,26,90
8411357,27,57
8411357,28,77
8411357,29,33
8411357,30,97
8411357,31,74
8411357,32,83
8411357,33,80
8411357,34,24
8411357,35,85
8411357,36,63
8411357,37,11
8411357,38,69
8411357,39,25
8411357,40,78
8411357,41,71
8411357,42,25
8411357,43,33
8411357,44,15
8411357,45,85
8411357,46,91
8411357,48,87
8411357,49,79
8411357,50,7
8411357,51,32
8411357,52,41
8411357,53,14
8411357,54,55
8411357,55,91
8411357,56,26
8411357,58,13
8411357,59,64
8411357,60,57
8411357,1,3150
8411358,2,37
8411358,3,42
8411358,4,79
8411358,5,13
8411358,6,100
8411358,7,1
8411358,8,81
8411358,9,66
8411358,10,96
8411358,11,13
8411358,12,79
8411358,13,18
8411358,14,27
8411358,15,74
8411358,16,34
8411358,17,82
8411358,18,34
8411358,19,15
8411358,20,16
8411358,21,13
8411358,22,77
8411358,23,49
8411358,24,84
8411358,25,76
8411358,26,47
8411358,27,51
8411358,28,8
8411358,29,3
8411358,30,24
8411358,31,19
8411358,32,99
8411358,33,77
8411358,34,54
8411358,35,83
8411358,36,69
8411358,37,61
8411358,38,29
8411358,39,17
8411358,40,16
8411358,41,49
8411358,42,29
8411358,43,68
8411358,44,41
8411358,45,5
8411358,46,6
8411358,48,75
8411358,49,86
8411358,50,85
8411358,51,77
8411358,52,47
8411358,53,85
8411358,54,4
8411358,55,60
8411358,56,32
8411358,58,20
8411358,59,99
8411358,60,2
8411358,1,2733
8411359,2,94
8411359,3,41
8411359,4,92
8411359,5,42
8411359,6,20
8411359,7,64
8411359,8,40
8411359,9,58
8411359,10,33
8411359,11,79
8411359,12,3
8411359,13,49
8411359,14,43
8411359,15,95
8411359,16,62
8411359,17,68
8411359,18,77
8411359,19,30
8411359,20,13
8411359,21,59
8411359,22,83
8411359,23,35
8411359,24,100
8411359,25,78
8411359,26,38
8411359,27,11
8411359,28,18
8411359,29,18
8411359,30,14
8411359,31,79
8411359,32,42
8411359,33,70
8411359,34,23
8411359,35,44
8411359,36,99
8411359,37,61
8411359,38,85
8411359,39,20
8411359,40,3
8411359,41,31
8411359,42,32
8411359,43,67
8411359,44,3
8411359,45,86
8411359,46,90
8411359,48,62
8411359,49,47
8411359,50,28
8411359,51,30
8411359,52,72
8411359,53,62
8411359,54,64
8411359,55,4
8411359,56,11
8411359,58,10
8411359,59,3
8411359,60,4
8411359,1,2689
8411360,2,34
8411360,3,84
8411360,4,1
8411360,5,24
8411360,6,40
8411360,7,84
8411360,8,12
8411360,9,97
8411360,10,11
8411360,11,32
8411360,12,67
8411360,13,42
8411360,14,90
8411360,15,3
8411360,16,87
8411360,17,69
8411360,18,72
8411360,19,75
8411360,20,86
8411360,21,79
8411360,22,66
8411360,23,55
8411360,24,2
8411360,25,81
8411360,26,64
8411360,27,99
8411360,28,52
8411360,29,71
8411360,30,13
8411360,31,7
8411360,32,87
8411360,33,4
8411360,34,33
8411360,35,27
8411360,36,46
8411360,37,37
8411360,38,1
8411360,39,20
8411360,40,14
8411360,41,20
8411360,42,20
8411360,43,91
8411360,44,4
8411360,45,96
8411360,46,25
8411360,48,81
8411360,49,31
8411360,50,56
8411360,51,75
8411360,52,33
8411360,53,27
8411360,54,59
8411360,55,66
8411360,56,81
8411360,58,7
8411360,59,26
8411360,60,25
8411360,1,2691
8411361,2,87
8411361,3,97
8411361,4,79
8411361,5,67
8411361,6,12
8411361,7,32
8411361,8,77
8411361,9,10
8411361,10,18
8411361,11,57
8411361,12,88
8411361,13,34
8411361,14,99
8411361,15,88
8411361,16,24
8411361,17,77
8411361,18,30
8411361,19,81
8411361,20,5
8411361,21,8
8411361,22,39
8411361,23,7
8411361,24,56
8411361,25,63
8411361,26,30
8411361,27,4
8411361,28,76
8411361,29,72
8411361,30,43
8411361,31,18
8411361,32,92
8411361,33,39
8411361,34,85
8411361,35,11
8411361,36,1
8411361,37,87
8411361,38,27
8411361,39,56
8411361,40,57
8411361,41,81
8411361,42,60
8411361,43,87
8411361,44,53
8411361,45,19
8411361,46,6
8411361,48,3
8411361,49,48
8411361,50,14
8411361,51,87
8411361,52,94
8411361,53,27
8411361,54,34
8411361,55,84
8411361,56,15
8411361,58,88
8411361,59,5
8411361,60,20
8411361,1,2758
8411362,2,55
8411362,3,15
8411362,4,80
8411362,5,10
8411362,6,60
8411362,7,45
8411362,8,32
8411362,9,65
8411362,10,25
8411362,11,86
8411362,12,27
8411362,13,67
8411362,14,29
8411362,15,13
8411362,16,96
8411362,17,95
8411362,18,69
8411362,19,59
8411362,20,78
8411362,21,31
8411362,22,29
8411362,23,1
8411362,24,11
8411362,25,49
8411362,26,69
8411362,27,23
8411362,28,29
8411362,29,85
8411362,30,2
8411362,31,74
8411362,32,40
8411362,33,72
8411362,34,15
8411362,35,27
8411362,36,87
8411362,37,33
8411362,38,93
8411362,39,57
8411362,40,71
8411362,41,46
8411362,42,6
8411362,43,86
8411362,44,53
8411362,45,36
8411362,46,81
8411362,48,59
8411362,49,42
8411362,50,63
8411362,51,15
8411362,52,85
8411362,53,92
8411362,54,10
8411362,55,83
8411362,56,83
8411362,58,26
8411362,59,37
8411362,60,98
8411362,1,2905
8411363,2,6
8411363,3,81
8411363,4,2
8411363,5,78
8411363,6,42
8411363,7,80
8411363,8,74
8411363,9,27
8411363,10,17
8411363,11,91
8411363,12,70
8411363,13,16
8411363,14,30
8411363,15,31
8411363,16,83
8411363,17,45
8411363,18,95
8411363,19,49
8411363,20,7
8411363,21,13
8411363,22,28
8411363,23,46
8411363,24,7
8411363,25,18
8411363,26,42
8411363,27,8
8411363,28,18
8411363,29,58
8411363,30,35
8411363,31,22
8411363,32,100
8411363,33,62
8411363,34,79
8411363,35,74
8411363,36,18
8411363,37,81
8411363,38,60
8411363,39,82
8411363,40,1
8411363,41,41
8411363,42,97
8411363,43,71
8411363,44,29
8411363,45,20
8411363,46,78
8411363,48,37
8411363,49,57
8411363,50,44
8411363,51,5
8411363,52,14
8411363,53,4
8411363,54,39
8411363,55,58
8411363,56,17
8411363,58,75
8411363,59,80
8411363,60,72
8411363,1,2614
8411364,2,98
8411364,3,18
8411364,4,60
8411364,5,66
8411364,6,55
8411364,7,41
8411364,8,84
8411364,9,83
8411364,10,83
8411364,11,9
8411364,12,77
8411364,13,84
8411364,14,16
8411364,15,9
8411364,16,64
8411364,17,97
8411364,18,25
8411364,19,33
8411364,20,97
8411364,21,54
8411364,22,79
8411364,23,1
8411364,24,88
8411364,25,7
8411364,26,94
8411364,27,74
8411364,28,42
8411364,29,24
8411364,30,24
8411364,31,54
8411364,32,27
8411364,33,56
8411364,34,19
8411364,35,84
8411364,36,85
8411364,37,79
8411364,38,14
8411364,39,21
8411364,40,31
8411364,41,39
8411364,42,79
8411364,43,17
8411364,44,5
8411364,45,74
8411364,46,95
8411364,48,47
8411364,49,1
8411364,50,57
8411364,51,48
8411364,52,41
8411364,53,99
8411364,54,7
8411364,55,81
8411364,56,67
8411364,58,61
8411364,59,10
8411364,60,35
8411364,1,2919
8411365,2,84
8411365,3,24
8411365,4,18
8411365,5,1
8411365,6,63
8411365,7,96
8411365,8,47
8411365,9,43
8411365,10,6
8411365,11,40
8411365,12,3
8411365,13,37
8411365,14,66
8411365,15,29
8411365,16,71
8411365,17,67
8411365,18,37
8411365,19,41
8411365,20,3
8411365,21,63
8411365,22,53
8411365,23,74
8411365,24,81
8411365,25,35
8411365,26,51
8411365,27,38
8411365,28,6
8411365,29,3
8411365,30,66
8411365,31,8
8411365,32,47
8411365,33,51
8411365,34,37
8411365,35,77
8411365,36,89
8411365,37,47
8411365,38,55
8411365,39,38
8411365,40,13
8411365,41,89
8411365,42,93
8411365,43,91
8411365,44,6
8411365,45,5
8411365,46,18
8411365,48,90
8411365,49,16
8411365,50,1
8411365,51,35
8411365,52,35
8411365,53,43
8411365,54,46
8411365,55,23
8411365,56,15
8411365,58,10
8411365,59,65
8411365,60,41
8411365,1,2430
8411366,2,39
8411366,3,36
8411366,4,44
8411366,5,47
8411366,6,28
8411366,7,84
8411366,8,82
8411366,9,56
8411366,10,41
8411366,11,85
8411366,12,59
8411366,13,27
8411366,14,20
8411366,15,14
8411366,16,89
8411366,17,4
8411366,18,74
8411366,19,92
8411366,20,72
8411366,21,27
8411366,22,18
8411366,23,56
8411366,24,32
8411366,25,88
8411366,26,70
8411366,27,54
8411366,28,44
8411366,29,2
8411366,30,25
8411366,31,52
8411366,32,21
8411366,33,94
8411366,34,54
8411366,35,27
8411366,36,74
8411366,37,100
8411366,38,27
8411366,39,94
8411366,40,92
8411366,41,82
8411366,42,5
8411366,43,47
8411366,44,59
8411366,45,90
8411366,46,5
8411366,48,30
8411366,49,94
8411366,50,98
8411366,51,58
8411366,52,19
8411366,53,84
8411366,54,5
8411366,55,51
8411366,56,65
8411366,58,26
8411366,59,88
8411366,60,73
8411366,1,3023
8411367,2,42
8411367,3,96
8411367,4,49
8411367,5,77
8411367,6,56
8411367,7,79
8411367,8,75
8411367,9,33
8411367,10,58
8411367,11,100
8411367,12,84
8411367,13,5
8411367,14,93
8411367,15,2
8411367,16,68
8411367,17,73
8411367,18,16
8411367,19,57
8411367,20,85
8411367,21,93
8411367,22,40
8411367,23,12
8411367,24,57
8411367,25,32
8411367,26,14
8411367,27,94
8411367,28,12
8411367,29,32
8411367,30,54
8411367,31,5
8411367,32,34
8411367,33,96
8411367,34,21
8411367,35,64
8411367,36,64
8411367,37,14
8411367,38,76
8411367,39,86
8411367,40,87
8411367,41,77
8411367,42,28
8411367,43,47
8411367,44,79
8411367,45,61
8411367,46,86
8411367,48,26
8411367,49,28
8411367,50,17
8411367,51,71
8411367,52,23
8411367,53,56
8411367,54,59
8411367,55,50
8411367,56,96
8411367,58,16
8411367,59,70
8411367,60,57
8411367,1,3082
8411368,2,41
8411368,3,39
8411368,4,17
8411368,5,94
8411368,6,77
8411368,7,61
8411368,8,92
8411368,9,29
8411368,10,83
8411368,11,22
8411368,12,75
8411368,13,46
8411368,14,48
8411368,15,28
8411368,16,99
8411368,17,85
8411368,18,72
8411368,19,66
8411368,20,6
8411368,21,50
8411368,22,3
8411368,23,90
8411368,24,55
8411368,25,46
8411368,26,4
8411368,27,22
8411368,28,96
8411368,29,66
8411368,30,56
8411368,31,29
8411368,32,10
8411368,33,28
8411368,34,37
8411368,35,17
8411368,36,62
8411368,37,68
8411368,38,96
8411368,39,28
8411368,40,32
8411368,41,82
8411368,42,94
8411368,43,52
8411368,44,62
8411368,45,6
8411368,46,81
8411368,48,58
8411368,49,51
8411368,50,83
8411368,51,68
8411368,52,5
8411368,53,76
8411368,54,62
8411368,55,84
8411368,56,77
8411368,58,7
8411368,59,47
8411368,60,65
8411368,1,3035
8411369,2,67
8411369,3,15
8411369,4,42
8411369,5,91
8411369,6,76
8411369,7,32
8411369,8,59
8411369,9,63
8411369,10,97
8411369,11,74
8411369,12,59
8411369,13,32
8411369,14,39
8411369,15,29
8411369,16,59
8411369,17,93
8411369,18,96
8411369,19,38
8411369,20,17
8411369,21,76
8411369,22,7
8411369,23,93
8411369,24,42
8411369,25,8
8411369,26,1
8411369,27,68
8411369,28,49
8411369,29,65
8411369,30,3
8411369,31,79
8411369,32,59
8411369,33,22
8411369,34,84
8411369,35,20
8411369,36,73
8411369,37,43
8411369,38,43
8411369,39,78
8411369,40,63
8411369,41,22
8411369,42,97
8411369,43,64
8411369,44,92
8411369,45,23
8411369,46,25
8411369,48,39
8411369,49,66
8411369,50,60
8411369,51,37
8411369,52,11
8411369,53,98
8411369,54,89
8411369,55,32
8411369,56,22
8411369,58,50
8411369,59,76
8411369,60,1
8411369,1,2958
8411370,2,53
8411370,3,48
8411370,4,79
8411370,5,53
8411370,6,98
8411370,7,24
8411370,8,30
8411370,9,98
8411370,10,65
8411370,11,46
8411370,12,64
8411370,13,58
8411370,14,45
8411370,15,86
8411370,16,22
8411370,17,1
8411370,18,93
8411370,19,12
8411370,20,75
8411370,21,86
8411370,22,47
8411370,23,79
8411370,24,67
8411370,25,1
8411370,26,82
8411370,27,87
8411370,28,20
8411370,29,31
8411370,30,42
8411370,31,61
8411370,32,27
8411370,33,53
8411370,34,25
8411370,35,99
8411370,36,95
8411370,37,36
8411370,38,92
8411370,39,72
8411370,40,67
8411370,41,7
8411370,42,58
8411370,43,16
8411370,44,68
8411370,45,94
8411370,46,48
8411370,48,62
8411370,49,33
8411370,50,98
8411370,51,3
8411370,52,70
8411370,53,29
8411370,54,25
8411370,55,73
8411370,56,60
8411370,58,98
8411370,59,31
8411370,60,45
8411370,1,3137
8411371,2,25
8411371,3,99
8411371,4,91
8411371,5,83
8411371,6,39
8411371,7,14
8411371,8,89
8411371,9,54
8411371,10,38
8411371,11,61
8411371,12,19
8411371,13,86
8411371,14,100
8411371,15,34
8411371,16,74
8411371,17,5
8411371,18,78
8411371,19,78
8411371,20,7
8411371,21,100
8411371,22,28
8411371,23,57
8411371,24,86
8411371,25,73
8411371,26,71
8411371,27,68
8411371,28,83
8411371,29,68
8411371,30,79
8411371,31,29
8411371,32,71
8411371,33,78
8411371,34,27
8411371,35,34
8411371,36,3
8411371,37,82
8411371,38,19
8411371,39,23
8411371,40,83
8411371,41,97
8411371,42,36
8411371,43,1
8411371,44,18
8411371,45,2
8411371,46,54
8411371,48,92
8411371,49,49
8411371,50,26
8411371,51,82
8411371,52,31
8411371,53,61
8411371,54,94
8411371,55,74
8411371,56,91
8411371,58,49
8411371,59,96
8411371,60,87
8411371,1,3276
8411372,2,47
8411372,3,69
8411372,4,100
8411372,5,3
8411372,6,54
8411372,7,44
8411372,8,71
8411372,9,42
8411372,10,60
8411372,11,48
8411372,12,58
8411372,13,76
8411372,14,58
8411372,15,83
8411372,16,100
8411372,17,90
8411372,18,19
8411372,19,96
8411372,20,33
8411372,21,9
8411372,22,79
8411372,23,30
8411372,24,70
8411372,25,95
8411372,26,81
8411372,27,28
8411372,28,60
8411372,29,77
8411372,30,80
8411372,31,26
8411372,32,9
8411372,33,22
8411372,34,31
8411372,35,30
8411372,36,70
8411372,37,86
8411372,38,50
8411372,39,56
8411372,40,54
8411372,41,70
8411372,42,30
8411372,43,97
8411372,44,86
8411372,45,41
8411372,46,36
8411372,48,44
8411372,49,96
8411372,50,100
8411372,51,13
8411372,52,14
8411372,53,85
8411372,54,39
8411372,55,63
8411372,56,27
8411372,58,42
8411372,59,44
8411372,60,75
8411372,1,3196
8411373,2,76
8411373,3,47
8411373,4,12
8411373,5,95
8411373,6,37
8411373,7,93
8411373,8,70
8411373,9,95
8411373,10,38
8411373,11,5
8411373,12,77
8411373,13,33
8411373,14,60
8411373,15,23
8411373,16,23
8411373,17,63
8411373,18,81
8411373,19,9
8411373,20,7
8411373,21,57
8411373,22,10
8411373,23,8
8411373,24,33
8411373,25,38
8411373,26,34
8411373,27,36
8411373,28,29
8411373,29,2
8411373,30,64
8411373,31,45
8411373,32,30
8411373,33,99
8411373,34,26
8411373,35,59
8411373,36,38
8411373,37,68
8411373,38,25
8411373,39,87
8411373,40,76
8411373,41,72
8411373,42,65
8411373,43,90
8411373,44,75
8411373,45,74
8411373,46,17
8411373,48,2
8411373,49,80
8411373,50,95
8411373,51,26
8411373,52,77
8411373,53,38
8411373,54,1
8411373,55,15
8411373,56,8
8411373,58,86
8411373,59,93
8411373,60,93
8411373,1,2815
8411374,2,10
8411374,3,65
8411374,4,78
8411374,5,66
8411374,6,24
8411374,7,59
8411374,8,40
8411374,9,66
8411374,10,73
8411374,11,29
8411374,12,44
8411374,13,75
8411374,14,4
8411374,15,1
8411374,16,61
8411374,17,9
8411374,18,7
8411374,19,93
8411374,20,60
8411374,21,17
8411374,22,50
8411374,23,91
8411374,24,23
8411374,25,41
8411374,26,23
8411374,27,81
8411374,28,34
8411374,29,96
8411374,30,11
8411374,31,33
8411374,32,72
8411374,33,31
8411374,34,47
8411374,35,67
8411374,36,90
8411374,37,7
8411374,38,88
8411374,39,85
8411374,40,53
8411374,41,40
8411374,42,17
8411374,43,73
8411374,44,76
8411374,45,7
8411374,46,30
8411374,48,61
8411374,49,56
8411374,50,39
8411374,51,57
8411374,52,21
8411374,53,78
8411374,54,66
8411374,55,98
8411374,56,70
8411374,58,19
8411374,59,87
8411374,60,56
8411374,1,2855
